scientificName,nameJa,assetId,status,author,source,photoUrl,licenseName,licenseUrl,credit
Acanthaster planci,オニヒトデ,commons-198525317,primary_candidate,John Hepburn,Wikimedia Commons,https://commons.wikimedia.org/wiki/File:Acanthaster_planci_460468243_(closeup).jpg,CC BY 4.0,https://creativecommons.org/licenses/by/4.0,"Acanthaster planci 460468243 (closeup) [Acanthaster planci] — John Hepburn / Wikimedia Commons, CC BY 4.0 (https://creativecommons.org/licenses/by/4.0); source: https://commons.wikimedia.org/wiki/File:Acanthaster_planci_460468243_(closeup).jpg. Original attribution: https://www.inaturalist.org/photos/460468243. Resized and re-encoded; no subject alteration."
Acanthaster planci,オニヒトデ,inat-623563336,primary_candidate,no rights reserved,iNaturalist,https://www.inaturalist.org/photos/623563336,CC0 1.0,https://creativecommons.org/publicdomain/zero/1.0/,"Acanthaster planci [Acanthaster planci] — no rights reserved / iNaturalist, CC0 1.0 (https://creativecommons.org/publicdomain/zero/1.0/); source: https://www.inaturalist.org/photos/623563336. Original attribution: no rights reserved. Resized and re-encoded; no subject alteration."
Acer saccharum,サトウカエデ,commons-29788701,supplementary_only,Superior National Forest,Wikimedia Commons,https://commons.wikimedia.org/wiki/File:Acer_saccharum_1-jgreenlee_(5098070608).jpg,CC BY 2.0,https://creativecommons.org/licenses/by/2.0,"Acer saccharum 1-jgreenlee (5098070608) [Acer saccharum] — Superior National Forest / Wikimedia Commons, CC BY 2.0 (https://creativecommons.org/licenses/by/2.0); source: https://commons.wikimedia.org/wiki/File:Acer_saccharum_1-jgreenlee_(5098070608).jpg. Original attribution: Acer saccharum 1-jgreenlee. Resized and re-encoded; no subject alteration."
Acer saccharum,サトウカエデ,inat-270771956,primary_candidate,James St. John,iNaturalist,https://www.inaturalist.org/photos/270771956,CC BY 4.0,https://creativecommons.org/licenses/by/4.0/,"Acer saccharum [Acer saccharum] — James St. John / iNaturalist, CC BY 4.0 (https://creativecommons.org/licenses/by/4.0/); source: https://www.inaturalist.org/photos/270771956. Original attribution: (c) James St. John, some rights reserved (CC BY). Resized and re-encoded; no subject alteration."
Acetabularia acetabulum,カサノリ,commons-9867004,primary_candidate,albert kok en:User:Albert Kok,Wikimedia Commons,https://commons.wikimedia.org/wiki/File:Acetabularia_meditarranea.jpg,CC BY-SA 3.0,https://creativecommons.org/licenses/by-sa/3.0,"Acetabularia meditarranea [Acetabularia acetabulum] — albert kok en:User:Albert Kok / Wikimedia Commons, CC BY-SA 3.0 (https://creativecommons.org/licenses/by-sa/3.0); source: https://commons.wikimedia.org/wiki/File:Acetabularia_meditarranea.jpg. Original attribution: en:User:Albert Kok ""I created this work entirely by myself"". [1]. Resized and re-encoded; no subject alteration."
Acetabularia acetabulum,カサノリ,inat-115808000,primary_candidate,Bernard Picton,iNaturalist,https://www.inaturalist.org/photos/115808000,CC BY 4.0,https://creativecommons.org/licenses/by/4.0/,"Acetabularia acetabulum [Acetabularia acetabulum] — Bernard Picton / iNaturalist, CC BY 4.0 (https://creativecommons.org/licenses/by/4.0/); source: https://www.inaturalist.org/photos/115808000. Original attribution: (c) Bernard Picton, some rights reserved (CC BY). Resized and re-encoded; no subject alteration."
Acinonyx jubatus,チーター,commons-144450685,primary_candidate,AfricanConservation,Wikimedia Commons,https://commons.wikimedia.org/wiki/File:Male_cheetah_facing_left_in_South_Africa.jpg,CC BY-SA 4.0,https://creativecommons.org/licenses/by-sa/4.0,"Male cheetah facing left in South Africa [Acinonyx jubatus] — AfricanConservation / Wikimedia Commons, CC BY-SA 4.0 (https://creativecommons.org/licenses/by-sa/4.0); source: https://commons.wikimedia.org/wiki/File:Male_cheetah_facing_left_in_South_Africa.jpg. Original attribution: Own work , photo taken at Working with Wildlife. Resized and re-encoded; no subject alteration."
Acropora palmata,エルクホーンサンゴ,inat-652846455,primary_candidate,Ryan McMinds,iNaturalist,https://www.inaturalist.org/photos/652846455,CC BY 4.0,https://creativecommons.org/licenses/by/4.0/,"Acropora palmata [Acropora palmata] — Ryan McMinds / iNaturalist, CC BY 4.0 (https://creativecommons.org/licenses/by/4.0/); source: https://www.inaturalist.org/photos/652846455. Original attribution: (c) Ryan McMinds, some rights reserved (CC BY). Resized and re-encoded; no subject alteration."
Adansonia digitata,アフリカバオバブ,commons-2615710,primary_candidate,"Ferdinand Reus from Arnhem, Holland",Wikimedia Commons,"https://commons.wikimedia.org/wiki/File:Baobab_and_elephant,_Tanzania.jpg",CC BY-SA 2.0,https://creativecommons.org/licenses/by-sa/2.0,"Baobab and elephant, Tanzania [Adansonia digitata] — Ferdinand Reus from Arnhem, Holland / Wikimedia Commons, CC BY-SA 2.0 (https://creativecommons.org/licenses/by-sa/2.0); source: https://commons.wikimedia.org/wiki/File:Baobab_and_elephant,_Tanzania.jpg. Original attribution: Two old ones. Resized and re-encoded; no subject alteration."
Adansonia digitata,アフリカバオバブ,inat-110770618,primary_candidate,no rights reserved,iNaturalist,https://www.inaturalist.org/photos/110770618,CC0 1.0,https://creativecommons.org/publicdomain/zero/1.0/,"Adansonia digitata [Adansonia digitata] — no rights reserved / iNaturalist, CC0 1.0 (https://creativecommons.org/publicdomain/zero/1.0/); source: https://www.inaturalist.org/photos/110770618. Original attribution: no rights reserved. Resized and re-encoded; no subject alteration."
Aedes aegypti,ネッタイシマカ,inat-27141847,primary_candidate,no rights reserved,iNaturalist,https://www.inaturalist.org/photos/27141847,CC0 1.0,https://creativecommons.org/publicdomain/zero/1.0/,"Aedes aegypti [Aedes aegypti] — no rights reserved / iNaturalist, CC0 1.0 (https://creativecommons.org/publicdomain/zero/1.0/); source: https://www.inaturalist.org/photos/27141847. Original attribution: no rights reserved. Resized and re-encoded; no subject alteration."
Agalychnis callidryas,アカメアマガエル,commons-24096072,primary_candidate,"Red-eyed Tree Frog (Agalychnis callidryas) 3.jpg : Geoff Gallice from Gainesville, FL, USA derivative work: B kimmel",Wikimedia Commons,https://commons.wikimedia.org/wiki/File:Red-eyed_Tree_Frog_(Agalychnis_callidryas)_1.png,CC BY 2.0,https://creativecommons.org/licenses/by/2.0,"Red-eyed Tree Frog (Agalychnis callidryas) 1 [Agalychnis callidryas] — Red-eyed Tree Frog (Agalychnis callidryas) 3.jpg : Geoff Gallice from Gainesville, FL, USA derivative work: B kimmel / Wikimedia Commons, CC BY 2.0 (https://creativecommons.org/licenses/by/2.0); source: https://commons.wikimedia.org/wiki/File:Red-eyed_Tree_Frog_(Agalychnis_callidryas)_1.png. Original attribution: This file was derived from: Red-eyed Tree Frog (Agalychnis callidryas) 3.jpg :. Resized and re-encoded; no subject alteration."
Agalychnis callidryas,アカメアマガエル,inat-390989400,primary_candidate,no rights reserved,iNaturalist,https://www.inaturalist.org/photos/390989400,CC0 1.0,https://creativecommons.org/publicdomain/zero/1.0/,"Agalychnis callidryas [Agalychnis callidryas] — no rights reserved / iNaturalist, CC0 1.0 (https://creativecommons.org/publicdomain/zero/1.0/); source: https://www.inaturalist.org/photos/390989400. Original attribution: no rights reserved. Resized and re-encoded; no subject alteration."
Agaricus bisporus,マッシュルーム,commons-24843662,supplementary_only,Jerzy Opioła,Wikimedia Commons,https://commons.wikimedia.org/wiki/File:Agaricus_bisporus_G4.JPG,CC BY-SA 3.0,https://creativecommons.org/licenses/by-sa/3.0,"Agaricus bisporus G4 [Agaricus bisporus] — Jerzy Opioła / Wikimedia Commons, CC BY-SA 3.0 (https://creativecommons.org/licenses/by-sa/3.0); source: https://commons.wikimedia.org/wiki/File:Agaricus_bisporus_G4.JPG. Original attribution: Own work. Resized and re-encoded; no subject alteration."
Ailuropoda melanoleuca,ジャイアントパンダ,commons-9010137,primary_candidate,J. Patrick Fischer,Wikimedia Commons,https://commons.wikimedia.org/wiki/File:Grosser_Panda.JPG,CC BY-SA 3.0,https://creativecommons.org/licenses/by-sa/3.0,"Grosser Panda [Ailuropoda melanoleuca] — J. Patrick Fischer / Wikimedia Commons, CC BY-SA 3.0 (https://creativecommons.org/licenses/by-sa/3.0); source: https://commons.wikimedia.org/wiki/File:Grosser_Panda.JPG. Original attribution: Own work. Resized and re-encoded; no subject alteration."
Ailurus fulgens,レッサーパンダ,commons-164597582,primary_candidate,Sunuwargr,Wikimedia Commons,"https://commons.wikimedia.org/wiki/File:Red_Panda,_Gentle_Tree-Dweller_of_the_Himalayas.jpg",CC BY-SA 4.0,https://creativecommons.org/licenses/by-sa/4.0,"Red Panda, Gentle Tree-Dweller of the Himalayas [Ailurus fulgens] — Sunuwargr / Wikimedia Commons, CC BY-SA 4.0 (https://creativecommons.org/licenses/by-sa/4.0); source: https://commons.wikimedia.org/wiki/File:Red_Panda,_Gentle_Tree-Dweller_of_the_Himalayas.jpg. Original attribution: Own work. Resized and re-encoded; no subject alteration."
Alcedo atthis,カワセミ,commons-148765013,primary_candidate,Tony Wood,Wikimedia Commons,https://commons.wikimedia.org/wiki/File:Alcedo_atthis_-England-8_(cropped).jpg,CC BY 2.0,https://creativecommons.org/licenses/by/2.0,"Alcedo atthis -England-8 (cropped) [Alcedo atthis] — Tony Wood / Wikimedia Commons, CC BY 2.0 (https://creativecommons.org/licenses/by/2.0); source: https://commons.wikimedia.org/wiki/File:Alcedo_atthis_-England-8_(cropped).jpg. Original attribution: Looking for Fish. Resized and re-encoded; no subject alteration."
Alcedo atthis,カワセミ,inat-347327856,primary_candidate,SteveM4560,iNaturalist,https://www.inaturalist.org/photos/347327856,CC BY 4.0,https://creativecommons.org/licenses/by/4.0/,"Alcedo atthis [Alcedo atthis] — SteveM4560 / iNaturalist, CC BY 4.0 (https://creativecommons.org/licenses/by/4.0/); source: https://www.inaturalist.org/photos/347327856. Original attribution: (c) SteveM4560, some rights reserved (CC BY). Resized and re-encoded; no subject alteration."
Alces alces,ヘラジカ,commons-36533916,primary_candidate,Paxson Woelber,Wikimedia Commons,https://commons.wikimedia.org/wiki/File:Alaska_moose.jpg,CC BY-SA 4.0,https://creativecommons.org/licenses/by-sa/4.0,"Alaska moose [Alces alces] — Paxson Woelber / Wikimedia Commons, CC BY-SA 4.0 (https://creativecommons.org/licenses/by-sa/4.0); source: https://commons.wikimedia.org/wiki/File:Alaska_moose.jpg. Original attribution: Own work. Resized and re-encoded; no subject alteration."
Alces alces,ヘラジカ,inat-458933375,supplementary_only,Dan Vickers,iNaturalist,https://www.inaturalist.org/photos/458933375,CC BY 4.0,https://creativecommons.org/licenses/by/4.0/,"Alces alces [Alces alces] — Dan Vickers / iNaturalist, CC BY 4.0 (https://creativecommons.org/licenses/by/4.0/); source: https://www.inaturalist.org/photos/458933375. Original attribution: (c) Dan Vickers, some rights reserved (CC BY). Resized and re-encoded; no subject alteration."
Alligator mississippiensis,ミシシッピワニ,commons-2073819,primary_candidate,User:Postdlf,Wikimedia Commons,https://commons.wikimedia.org/wiki/File:American_Alligator.jpg,CC BY-SA 3.0,https://creativecommons.org/licenses/by-sa/3.0/,"American Alligator [Alligator mississippiensis] — User:Postdlf / Wikimedia Commons, CC BY-SA 3.0 (https://creativecommons.org/licenses/by-sa/3.0/); source: https://commons.wikimedia.org/wiki/File:American_Alligator.jpg. Original attribution: Postdlf. Resized and re-encoded; no subject alteration."
Alligator mississippiensis,ミシシッピワニ,inat-113744549,supplementary_only,no rights reserved,iNaturalist,https://www.inaturalist.org/photos/113744549,CC0 1.0,https://creativecommons.org/publicdomain/zero/1.0/,"Alligator mississippiensis [Alligator mississippiensis] — no rights reserved / iNaturalist, CC0 1.0 (https://creativecommons.org/publicdomain/zero/1.0/); source: https://www.inaturalist.org/photos/113744549. Original attribution: no rights reserved. Resized and re-encoded; no subject alteration."
Aloe vera,アロエベラ,commons-5084561,primary_candidate,"Collage by en:User:MidgleyDJ , original images from Wikimedia commons ( Image:Aloe_vera_offsets.jpg and Image:Aloe_vera_C.jpg )",Wikimedia Commons,https://commons.wikimedia.org/wiki/File:Aloe_vera_flower_inset.png,CC BY-SA 3.0,https://creativecommons.org/licenses/by-sa/3.0,"Aloe vera flower inset [Aloe vera] — Collage by en:User:MidgleyDJ , original images from Wikimedia commons ( Image:Aloe_vera_offsets.jpg and Image:Aloe_vera_C.jpg ) / Wikimedia Commons, CC BY-SA 3.0 (https://creativecommons.org/licenses/by-sa/3.0); source: https://commons.wikimedia.org/wiki/File:Aloe_vera_flower_inset.png. Original attribution: See author.. Resized and re-encoded; no subject alteration."
Aloe vera,アロエベラ,inat-340224811,primary_candidate,Photo by David J. Stang,iNaturalist,https://www.inaturalist.org/photos/340224811,CC BY-SA 4.0,https://creativecommons.org/licenses/by-sa/4.0/,"Aloe vera [Aloe vera] — Photo by David J. Stang / iNaturalist, CC BY-SA 4.0 (https://creativecommons.org/licenses/by-sa/4.0/); source: https://www.inaturalist.org/photos/340224811. Original attribution: (c) Photo by David J. Stang, some rights reserved (CC BY-SA). Resized and re-encoded; no subject alteration."
Alouatta seniculus,アカホエザル,commons-26314153,primary_candidate,Miguelrangeljr,Wikimedia Commons,https://commons.wikimedia.org/wiki/File:Alouatta_seniculus_Sorocaba.JPG,CC BY-SA 3.0,https://creativecommons.org/licenses/by-sa/3.0,"Alouatta seniculus Sorocaba [Alouatta seniculus] — Miguelrangeljr / Wikimedia Commons, CC BY-SA 3.0 (https://creativecommons.org/licenses/by-sa/3.0); source: https://commons.wikimedia.org/wiki/File:Alouatta_seniculus_Sorocaba.JPG. Original attribution: Own work. Resized and re-encoded; no subject alteration."
Alouatta seniculus,アカホエザル,inat-604749963,supplementary_only,desertnaturalist,iNaturalist,https://www.inaturalist.org/photos/604749963,CC BY 4.0,https://creativecommons.org/licenses/by/4.0/,"Alouatta seniculus [Alouatta seniculus] — desertnaturalist / iNaturalist, CC BY 4.0 (https://creativecommons.org/licenses/by/4.0/); source: https://www.inaturalist.org/photos/604749963. Original attribution: (c) desertnaturalist, some rights reserved (CC BY). Resized and re-encoded; no subject alteration."
Amanita muscaria,ベニテングタケ,commons-6067277,primary_candidate,Tony Wills,Wikimedia Commons,https://commons.wikimedia.org/wiki/File:Fly_Agaric_mushroom_04.jpg,CC BY-SA 3.0,https://creativecommons.org/licenses/by-sa/3.0,"Fly Agaric mushroom 04 [Amanita muscaria] — Tony Wills / Wikimedia Commons, CC BY-SA 3.0 (https://creativecommons.org/licenses/by-sa/3.0); source: https://commons.wikimedia.org/wiki/File:Fly_Agaric_mushroom_04.jpg. Original attribution: Tony Wills. Resized and re-encoded; no subject alteration."
Amanita phalloides,タマゴテングタケ,commons-329999,supplementary_only,Archenzo,Wikimedia Commons,https://commons.wikimedia.org/wiki/File:Amanita_phalloides_1.JPG,CC BY-SA 3.0,https://creativecommons.org/licenses/by-sa/3.0/,"Amanita phalloides 1 [Amanita phalloides] — Archenzo / Wikimedia Commons, CC BY-SA 3.0 (https://creativecommons.org/licenses/by-sa/3.0/); source: https://commons.wikimedia.org/wiki/File:Amanita_phalloides_1.JPG. Original attribution: Own work. Resized and re-encoded; no subject alteration."
Amblyrhynchus cristatus,ウミイグアナ,commons-30583189,primary_candidate,"RAF-YYC from Calgary, Canada",Wikimedia Commons,https://commons.wikimedia.org/wiki/File:Amblyrhynchus_cristatus_(3838137696).jpg,CC BY-SA 2.0,https://creativecommons.org/licenses/by-sa/2.0,"Amblyrhynchus cristatus (3838137696) [Amblyrhynchus cristatus] — RAF-YYC from Calgary, Canada / Wikimedia Commons, CC BY-SA 2.0 (https://creativecommons.org/licenses/by-sa/2.0); source: https://commons.wikimedia.org/wiki/File:Amblyrhynchus_cristatus_(3838137696).jpg. Original attribution: IMG_0230. Resized and re-encoded; no subject alteration."
Amblyrhynchus cristatus,ウミイグアナ,inat-29325793,primary_candidate,Shawn O'Donnell,iNaturalist,https://www.inaturalist.org/photos/29325793,CC BY 4.0,https://creativecommons.org/licenses/by/4.0/,"Amblyrhynchus cristatus [Amblyrhynchus cristatus] — Shawn O'Donnell / iNaturalist, CC BY 4.0 (https://creativecommons.org/licenses/by/4.0/); source: https://www.inaturalist.org/photos/29325793. Original attribution: (c) Shawn O'Donnell, some rights reserved (CC BY). Resized and re-encoded; no subject alteration."
Amborella trichopoda,アンボレラ,commons-12529866,supplementary_only,"Scott Zona from Miami, Florida, USA",Wikimedia Commons,https://commons.wikimedia.org/wiki/File:Amborella_trichopoda.jpg,CC BY 2.0,https://creativecommons.org/licenses/by/2.0,"Amborella trichopoda [Amborella trichopoda] — Scott Zona from Miami, Florida, USA / Wikimedia Commons, CC BY 2.0 (https://creativecommons.org/licenses/by/2.0); source: https://commons.wikimedia.org/wiki/File:Amborella_trichopoda.jpg. Original attribution: Amborella trichopoda. Resized and re-encoded; no subject alteration."
Amborella trichopoda,アンボレラ,inat-52298508,supplementary_only,Scott Zona,iNaturalist,https://www.inaturalist.org/photos/52298508,CC BY 4.0,https://creativecommons.org/licenses/by/4.0/,"Amborella trichopoda [Amborella trichopoda] — Scott Zona / iNaturalist, CC BY 4.0 (https://creativecommons.org/licenses/by/4.0/); source: https://www.inaturalist.org/photos/52298508. Original attribution: (c) Scott Zona, some rights reserved (CC BY). Resized and re-encoded; no subject alteration."
Ambystoma mexicanum,アホロートル,commons-3513307,primary_candidate,LoKiLeCh,Wikimedia Commons,https://commons.wikimedia.org/wiki/File:Axolotl_ganz.jpg,CC BY-SA 3.0,https://creativecommons.org/licenses/by-sa/3.0/,"Axolotl ganz [Ambystoma mexicanum] — LoKiLeCh / Wikimedia Commons, CC BY-SA 3.0 (https://creativecommons.org/licenses/by-sa/3.0/); source: https://commons.wikimedia.org/wiki/File:Axolotl_ganz.jpg. Original attribution: Own work. Resized and re-encoded; no subject alteration."
Ambystoma mexicanum,アホロートル,inat-321610,primary_candidate,Juan Cruzado Cortés,iNaturalist,https://www.inaturalist.org/photos/321610,CC BY-SA 4.0,https://creativecommons.org/licenses/by-sa/4.0/,"Ambystoma mexicanum [Ambystoma mexicanum] — Juan Cruzado Cortés / iNaturalist, CC BY-SA 4.0 (https://creativecommons.org/licenses/by-sa/4.0/); source: https://www.inaturalist.org/photos/321610. Original attribution: (c) Juan Cruzado Cortés, some rights reserved (CC BY-SA). Resized and re-encoded; no subject alteration."
Ambystoma tigrinum,トラフサンショウウオ,inat-7796623,primary_candidate,Peter Paplanus,iNaturalist,https://www.inaturalist.org/photos/7796623,CC BY 4.0,https://creativecommons.org/licenses/by/4.0/,"Ambystoma tigrinum [Ambystoma tigrinum] — Peter Paplanus / iNaturalist, CC BY 4.0 (https://creativecommons.org/licenses/by/4.0/); source: https://www.inaturalist.org/photos/7796623. Original attribution: (c) Peter Paplanus, some rights reserved (CC BY). Resized and re-encoded; no subject alteration."
Amia calva,ボウフィン,commons-128446600,primary_candidate,Zachary Randall,Wikimedia Commons,https://commons.wikimedia.org/wiki/File:Amia_calva.png,CC BY 3.0,https://creativecommons.org/licenses/by/3.0,"Amia calva [Amia calva] — Zachary Randall / Wikimedia Commons, CC BY 3.0 (https://creativecommons.org/licenses/by/3.0); source: https://commons.wikimedia.org/wiki/File:Amia_calva.png. Original attribution: https://www.biorxiv.org/content/10.1101/2022.07.25.500718v1.full.pdf. Resized and re-encoded; no subject alteration."
Amoeba proteus,アメーバ・プロテウス,commons-99796205,primary_candidate,SmallRex,Wikimedia Commons,https://commons.wikimedia.org/wiki/File:Amoeba_proteus_with_many_pseudopodia.jpg,CC BY-SA 4.0,https://creativecommons.org/licenses/by-sa/4.0,"Amoeba proteus with many pseudopodia [Amoeba proteus] — SmallRex / Wikimedia Commons, CC BY-SA 4.0 (https://creativecommons.org/licenses/by-sa/4.0); source: https://commons.wikimedia.org/wiki/File:Amoeba_proteus_with_many_pseudopodia.jpg. Original attribution: Own work. Resized and re-encoded; no subject alteration."
Amorphophallus titanum,ショクダイオオコンニャク,commons-70296828,primary_candidate,Sailing moose,Wikimedia Commons,https://commons.wikimedia.org/wiki/File:Amorphophallus_titanum_(corpse_flower)_-_2.jpg,CC BY-SA 4.0,https://creativecommons.org/licenses/by-sa/4.0,"Amorphophallus titanum (corpse flower) - 2 [Amorphophallus titanum] — Sailing moose / Wikimedia Commons, CC BY-SA 4.0 (https://creativecommons.org/licenses/by-sa/4.0); source: https://commons.wikimedia.org/wiki/File:Amorphophallus_titanum_(corpse_flower)_-_2.jpg. Original attribution: Own work. Resized and re-encoded; no subject alteration."
Amorphophallus titanum,ショクダイオオコンニャク,inat-629644361,supplementary_only,no rights reserved,iNaturalist,https://www.inaturalist.org/photos/629644361,CC0 1.0,https://creativecommons.org/publicdomain/zero/1.0/,"Amorphophallus titanum [Amorphophallus titanum] — no rights reserved / iNaturalist, CC0 1.0 (https://creativecommons.org/publicdomain/zero/1.0/); source: https://www.inaturalist.org/photos/629644361. Original attribution: no rights reserved. Resized and re-encoded; no subject alteration."
Amphiprion ocellaris,カクレクマノミ,commons-24825656,primary_candidate,Ritiks,Wikimedia Commons,https://commons.wikimedia.org/wiki/File:Clown_fish_in_the_Andaman_Coral_Reef.jpg,CC BY-SA 3.0,https://creativecommons.org/licenses/by-sa/3.0,"Clown fish in the Andaman Coral Reef [Amphiprion ocellaris] — Ritiks / Wikimedia Commons, CC BY-SA 3.0 (https://creativecommons.org/licenses/by-sa/3.0); source: https://commons.wikimedia.org/wiki/File:Clown_fish_in_the_Andaman_Coral_Reef.jpg. Original attribution: Own work. Resized and re-encoded; no subject alteration."
Anas platyrhynchos,マガモ,commons-6449086,primary_candidate,This picture was realized by Richard Bartz by using a Canon EF 70-300mm f/4-5.6 IS USM Lens,Wikimedia Commons,https://commons.wikimedia.org/wiki/File:Anas_platyrhynchos_male_female_quadrat.jpg,CC BY-SA 2.5,https://creativecommons.org/licenses/by-sa/2.5,"Anas platyrhynchos male female quadrat [Anas platyrhynchos] — This picture was realized by Richard Bartz by using a Canon EF 70-300mm f/4-5.6 IS USM Lens / Wikimedia Commons, CC BY-SA 2.5 (https://creativecommons.org/licenses/by-sa/2.5); source: https://commons.wikimedia.org/wiki/File:Anas_platyrhynchos_male_female_quadrat.jpg. Original attribution: Own work. Resized and re-encoded; no subject alteration."
Anas platyrhynchos,マガモ,inat-32774133,supplementary_only,no rights reserved,iNaturalist,https://www.inaturalist.org/photos/32774133,CC0 1.0,https://creativecommons.org/publicdomain/zero/1.0/,"Anas platyrhynchos [Anas platyrhynchos] — no rights reserved / iNaturalist, CC0 1.0 (https://creativecommons.org/publicdomain/zero/1.0/); source: https://www.inaturalist.org/photos/32774133. Original attribution: no rights reserved. Resized and re-encoded; no subject alteration."
Anax junius,アメリカギンヤンマ,commons-160952278,supplementary_only,JeffreyGammon,Wikimedia Commons,https://commons.wikimedia.org/wiki/File:Common_Green_Darner_Anax_junius_JG.jpg,CC BY 4.0,https://creativecommons.org/licenses/by/4.0,"Common Green Darner Anax junius JG [Anax junius] — JeffreyGammon / Wikimedia Commons, CC BY 4.0 (https://creativecommons.org/licenses/by/4.0); source: https://commons.wikimedia.org/wiki/File:Common_Green_Darner_Anax_junius_JG.jpg. Original attribution: Own work. Resized and re-encoded; no subject alteration."
Anax junius,アメリカギンヤンマ,inat-154883429,supplementary_only,Michelle W. （鍾偉瑋）,iNaturalist,https://www.inaturalist.org/photos/154883429,CC BY 4.0,https://creativecommons.org/licenses/by/4.0/,"Anax junius [Anax junius] — Michelle W. （鍾偉瑋） / iNaturalist, CC BY 4.0 (https://creativecommons.org/licenses/by/4.0/); source: https://www.inaturalist.org/photos/154883429. Original attribution: (c) Michelle W. （鍾偉瑋）, some rights reserved (CC BY). Resized and re-encoded; no subject alteration."
Andrias davidianus,チュウゴクオオサンショウウオ,commons-69436128,supplementary_only,Petr Hamerník,Wikimedia Commons,https://commons.wikimedia.org/wiki/File:Velemlok_%C4%8D%C3%ADnsk%C3%BD_zoo_praha_1.jpg,CC BY-SA 4.0,https://creativecommons.org/licenses/by-sa/4.0,"Velemlok čínský zoo praha 1 [Andrias davidianus] — Petr Hamerník / Wikimedia Commons, CC BY-SA 4.0 (https://creativecommons.org/licenses/by-sa/4.0); source: https://commons.wikimedia.org/wiki/File:Velemlok_%C4%8D%C3%ADnsk%C3%BD_zoo_praha_1.jpg. Original attribution: Zoo Praha. Resized and re-encoded; no subject alteration."
Andrias davidianus,チュウゴクオオサンショウウオ,inat-482652350,supplementary_only,Stefano Menchetti,iNaturalist,https://www.inaturalist.org/photos/482652350,CC BY-SA 4.0,https://creativecommons.org/licenses/by-sa/4.0/,"Andrias davidianus [Andrias davidianus] — Stefano Menchetti / iNaturalist, CC BY-SA 4.0 (https://creativecommons.org/licenses/by-sa/4.0/); source: https://www.inaturalist.org/photos/482652350. Original attribution: (c) Stefano Menchetti, some rights reserved (CC BY-SA). Resized and re-encoded; no subject alteration."
Andrias japonicus,オオサンショウウオ,commons-112022318,primary_candidate,Salamandra2021,Wikimedia Commons,"https://commons.wikimedia.org/wiki/File:Japanese_giant_salamander_in_Tottori_Prefecture,_Japan.jpg",CC BY-SA 4.0,https://creativecommons.org/licenses/by-sa/4.0,"Japanese giant salamander in Tottori Prefecture, Japan [Andrias japonicus] — Salamandra2021 / Wikimedia Commons, CC BY-SA 4.0 (https://creativecommons.org/licenses/by-sa/4.0); source: https://commons.wikimedia.org/wiki/File:Japanese_giant_salamander_in_Tottori_Prefecture,_Japan.jpg. Original attribution: Own work. Resized and re-encoded; no subject alteration."
Andrias japonicus,オオサンショウウオ,inat-528589251,supplementary_only,Ken-ichi Ueda,iNaturalist,https://www.inaturalist.org/photos/528589251,CC BY 4.0,https://creativecommons.org/licenses/by/4.0/,"Andrias japonicus [Andrias japonicus] — Ken-ichi Ueda / iNaturalist, CC BY 4.0 (https://creativecommons.org/licenses/by/4.0/); source: https://www.inaturalist.org/photos/528589251. Original attribution: (c) Ken-ichi Ueda, some rights reserved (CC BY). Resized and re-encoded; no subject alteration."
Anthoceros agrestis,アンソセロス・アグレスティス（ツノゴケ）,commons-11400684,primary_candidate,BerndH,Wikimedia Commons,https://commons.wikimedia.org/wiki/File:Anthoceros_agrestis_060910a.jpg,CC BY-SA 3.0,https://creativecommons.org/licenses/by-sa/3.0,"Anthoceros agrestis 060910a [Anthoceros agrestis] — BerndH / Wikimedia Commons, CC BY-SA 3.0 (https://creativecommons.org/licenses/by-sa/3.0); source: https://commons.wikimedia.org/wiki/File:Anthoceros_agrestis_060910a.jpg. Original attribution: Own work. Resized and re-encoded; no subject alteration."
Anthoceros agrestis,アンソセロス・アグレスティス（ツノゴケ）,inat-539017853,primary_candidate,Михаил Языков,iNaturalist,https://www.inaturalist.org/photos/539017853,CC BY 4.0,https://creativecommons.org/licenses/by/4.0/,"Anthoceros agrestis [Anthoceros agrestis] — Михаил Языков / iNaturalist, CC BY 4.0 (https://creativecommons.org/licenses/by/4.0/); source: https://www.inaturalist.org/photos/539017853. Original attribution: (c) Михаил Языков, some rights reserved (CC BY). Resized and re-encoded; no subject alteration."
Antilocapra americana,プロングホーン,inat-268596217,primary_candidate,no rights reserved,iNaturalist,https://www.inaturalist.org/photos/268596217,CC0 1.0,https://creativecommons.org/publicdomain/zero/1.0/,"Antilocapra americana [Antilocapra americana] — no rights reserved / iNaturalist, CC0 1.0 (https://creativecommons.org/publicdomain/zero/1.0/); source: https://www.inaturalist.org/photos/268596217. Original attribution: no rights reserved. Resized and re-encoded; no subject alteration."
Apis mellifera,セイヨウミツバチ,commons-10979574,primary_candidate,Andreas Trepte,Wikimedia Commons,https://commons.wikimedia.org/wiki/File:Apis_mellifera_Western_honey_bee.jpg,CC BY-SA 2.5,https://creativecommons.org/licenses/by-sa/2.5,"Apis mellifera Western honey bee [Apis mellifera] — Andreas Trepte / Wikimedia Commons, CC BY-SA 2.5 (https://creativecommons.org/licenses/by-sa/2.5); source: https://commons.wikimedia.org/wiki/File:Apis_mellifera_Western_honey_bee.jpg. Original attribution: Own work. Resized and re-encoded; no subject alteration."
Apis mellifera,セイヨウミツバチ,inat-217394043,supplementary_only,no rights reserved,iNaturalist,https://www.inaturalist.org/photos/217394043,CC0 1.0,https://creativecommons.org/publicdomain/zero/1.0/,"Apis mellifera [Apis mellifera] — no rights reserved / iNaturalist, CC0 1.0 (https://creativecommons.org/publicdomain/zero/1.0/); source: https://www.inaturalist.org/photos/217394043. Original attribution: no rights reserved. Resized and re-encoded; no subject alteration."
Aptenodytes forsteri,コウテイペンギン,commons-9962254,primary_candidate,Ian Duffy from UK,Wikimedia Commons,"https://commons.wikimedia.org/wiki/File:Aptenodytes_forsteri_-Snow_Hill_Island,_Antarctica_-adults_and_juvenile-8.jpg",CC BY 2.0,https://creativecommons.org/licenses/by/2.0,"Aptenodytes forsteri -Snow Hill Island, Antarctica -adults and juvenile-8 [Aptenodytes forsteri] — Ian Duffy from UK / Wikimedia Commons, CC BY 2.0 (https://creativecommons.org/licenses/by/2.0); source: https://commons.wikimedia.org/wiki/File:Aptenodytes_forsteri_-Snow_Hill_Island,_Antarctica_-adults_and_juvenile-8.jpg. Original attribution: Animal Portraits Uploaded by Snowmanradio. Resized and re-encoded; no subject alteration."
Aptenodytes forsteri,コウテイペンギン,inat-2912286,primary_candidate,John Barkla,iNaturalist,https://www.inaturalist.org/photos/2912286,CC BY 4.0,https://creativecommons.org/licenses/by/4.0/,"Aptenodytes forsteri [Aptenodytes forsteri] — John Barkla / iNaturalist, CC BY 4.0 (https://creativecommons.org/licenses/by/4.0/); source: https://www.inaturalist.org/photos/2912286. Original attribution: (c) John Barkla, some rights reserved (CC BY). Resized and re-encoded; no subject alteration."
Aptenodytes patagonicus,オウサマペンギン,commons-46589090,primary_candidate,Godot13,Wikimedia Commons,https://commons.wikimedia.org/wiki/File:SGI-2016-South_Georgia_(Fortuna_Bay)%E2%80%93King_penguin_(Aptenodytes_patagonicus)_04.jpg,CC BY-SA 4.0,https://creativecommons.org/licenses/by-sa/4.0,"SGI-2016-South Georgia (Fortuna Bay)–King penguin (Aptenodytes patagonicus) 04 [Aptenodytes patagonicus] — Godot13 / Wikimedia Commons, CC BY-SA 4.0 (https://creativecommons.org/licenses/by-sa/4.0); source: https://commons.wikimedia.org/wiki/File:SGI-2016-South_Georgia_(Fortuna_Bay)%E2%80%93King_penguin_(Aptenodytes_patagonicus)_04.jpg. Original attribution: Andrew Shiva / Wikipedia. Resized and re-encoded; no subject alteration."
Aptenodytes patagonicus,オウサマペンギン,inat-278800586,primary_candidate,no rights reserved,iNaturalist,https://www.inaturalist.org/photos/278800586,CC0 1.0,https://creativecommons.org/publicdomain/zero/1.0/,"Aptenodytes patagonicus [Aptenodytes patagonicus] — no rights reserved / iNaturalist, CC0 1.0 (https://creativecommons.org/publicdomain/zero/1.0/); source: https://www.inaturalist.org/photos/278800586. Original attribution: no rights reserved. Resized and re-encoded; no subject alteration."
Aquila chrysaetos,イヌワシ,commons-142133890,primary_candidate,Giles Laurent,Wikimedia Commons,https://commons.wikimedia.org/wiki/File:015_Wild_Golden_Eagle_in_flight_at_Pfyn-Finges_(Switzerland)_Photo_by_Giles_Laurent.jpg,CC BY-SA 4.0,https://creativecommons.org/licenses/by-sa/4.0,"015 Wild Golden Eagle in flight at Pfyn-Finges (Switzerland) Photo by Giles Laurent [Aquila chrysaetos] — Giles Laurent / Wikimedia Commons, CC BY-SA 4.0 (https://creativecommons.org/licenses/by-sa/4.0); source: https://commons.wikimedia.org/wiki/File:015_Wild_Golden_Eagle_in_flight_at_Pfyn-Finges_(Switzerland)_Photo_by_Giles_Laurent.jpg. Original attribution: © Giles Laurent , gileslaurent.com , License CC BY-SA. Resized and re-encoded; no subject alteration."
Aquila chrysaetos,イヌワシ,inat-222207380,primary_candidate,no rights reserved,iNaturalist,https://www.inaturalist.org/photos/222207380,CC0 1.0,https://creativecommons.org/publicdomain/zero/1.0/,"Aquila chrysaetos [Aquila chrysaetos] — no rights reserved / iNaturalist, CC0 1.0 (https://creativecommons.org/publicdomain/zero/1.0/); source: https://www.inaturalist.org/photos/222207380. Original attribution: no rights reserved. Resized and re-encoded; no subject alteration."
Ara macao,コンゴウインコ,commons-129792788,primary_candidate,Charles J. Sharp,Wikimedia Commons,https://commons.wikimedia.org/wiki/File:Scarlet_macaw_(Ara_macao_cyanopterus)_Copan.jpg,CC BY-SA 4.0,https://creativecommons.org/licenses/by-sa/4.0,"Scarlet macaw (Ara macao cyanopterus) Copan [Ara macao] — Charles J. Sharp / Wikimedia Commons, CC BY-SA 4.0 (https://creativecommons.org/licenses/by-sa/4.0); source: https://commons.wikimedia.org/wiki/File:Scarlet_macaw_(Ara_macao_cyanopterus)_Copan.jpg. Original attribution: Own work , from Sharp Photography, sharpphotography.co.uk. Resized and re-encoded; no subject alteration."
Ara macao,コンゴウインコ,inat-600880304,primary_candidate,no rights reserved,iNaturalist,https://www.inaturalist.org/photos/600880304,CC0 1.0,https://creativecommons.org/publicdomain/zero/1.0/,"Ara macao [Ara macao] — no rights reserved / iNaturalist, CC0 1.0 (https://creativecommons.org/publicdomain/zero/1.0/); source: https://www.inaturalist.org/photos/600880304. Original attribution: no rights reserved. Resized and re-encoded; no subject alteration."
Arabidopsis thaliana,シロイヌナズナ,inat-427237684,primary_candidate,no rights reserved,iNaturalist,https://www.inaturalist.org/photos/427237684,CC0 1.0,https://creativecommons.org/publicdomain/zero/1.0/,"Arabidopsis thaliana [Arabidopsis thaliana] — no rights reserved / iNaturalist, CC0 1.0 (https://creativecommons.org/publicdomain/zero/1.0/); source: https://www.inaturalist.org/photos/427237684. Original attribution: no rights reserved. Resized and re-encoded; no subject alteration."
Arachis hypogaea,ラッカセイ,inat-105026294,primary_candidate,葉子,iNaturalist,https://www.inaturalist.org/photos/105026294,CC0 1.0,https://creativecommons.org/publicdomain/zero/1.0/,"Arachis hypogaea [Arachis hypogaea] — 葉子 / iNaturalist, CC0 1.0 (https://creativecommons.org/publicdomain/zero/1.0/); source: https://www.inaturalist.org/photos/105026294. Original attribution: no rights reserved, uploaded by 葉子. Resized and re-encoded; no subject alteration."
Arapaima gigas,ピラルクー,commons-7755863,primary_candidate,Shizhao,Wikimedia Commons,https://commons.wikimedia.org/wiki/File:Arapaima_gigas_at_Beijing_aquarium.JPG,CC BY-SA 3.0,https://creativecommons.org/licenses/by-sa/3.0,"Arapaima gigas at Beijing aquarium [Arapaima gigas] — Shizhao / Wikimedia Commons, CC BY-SA 3.0 (https://creativecommons.org/licenses/by-sa/3.0); source: https://commons.wikimedia.org/wiki/File:Arapaima_gigas_at_Beijing_aquarium.JPG. Original attribution: Own work. Resized and re-encoded; no subject alteration."
Araucaria araucana,チリマツ,commons-70557515,primary_candidate,Vicente Fernández Rioja,Wikimedia Commons,https://commons.wikimedia.org/wiki/File:Araucaria_en_Parque_Nacional_Conguillio.jpg,CC BY-SA 4.0,https://creativecommons.org/licenses/by-sa/4.0,"Araucaria en Parque Nacional Conguillio [Araucaria araucana] — Vicente Fernández Rioja / Wikimedia Commons, CC BY-SA 4.0 (https://creativecommons.org/licenses/by-sa/4.0); source: https://commons.wikimedia.org/wiki/File:Araucaria_en_Parque_Nacional_Conguillio.jpg. Original attribution: Own work. Resized and re-encoded; no subject alteration."
Araucaria araucana,チリマツ,inat-219417340,supplementary_only,no rights reserved,iNaturalist,https://www.inaturalist.org/photos/219417340,CC0 1.0,https://creativecommons.org/publicdomain/zero/1.0/,"Araucaria araucana [Araucaria araucana] — no rights reserved / iNaturalist, CC0 1.0 (https://creativecommons.org/publicdomain/zero/1.0/); source: https://www.inaturalist.org/photos/219417340. Original attribution: no rights reserved. Resized and re-encoded; no subject alteration."
Archilochus colubris,ノドアカハチドリ,commons-11192619,primary_candidate,jeffreyw,Wikimedia Commons,https://commons.wikimedia.org/wiki/File:Archilochus_colubris_-flying_-male-8.jpg,CC BY 2.0,https://creativecommons.org/licenses/by/2.0,"Archilochus colubris -flying -male-8 [Archilochus colubris] — jeffreyw / Wikimedia Commons, CC BY 2.0 (https://creativecommons.org/licenses/by/2.0); source: https://commons.wikimedia.org/wiki/File:Archilochus_colubris_-flying_-male-8.jpg. Original attribution: just to keep my hand in Uploaded by Snowmanradio. Resized and re-encoded; no subject alteration."
Archilochus colubris,ノドアカハチドリ,inat-314800928,supplementary_only,no rights reserved,iNaturalist,https://www.inaturalist.org/photos/314800928,CC0 1.0,https://creativecommons.org/publicdomain/zero/1.0/,"Archilochus colubris [Archilochus colubris] — no rights reserved / iNaturalist, CC0 1.0 (https://creativecommons.org/publicdomain/zero/1.0/); source: https://www.inaturalist.org/photos/314800928. Original attribution: no rights reserved. Resized and re-encoded; no subject alteration."
Architeuthis dux,ダイオウイカ,commons-14936703,supplementary_only,NTNU Vitenskapsmuseet,Wikimedia Commons,https://commons.wikimedia.org/wiki/File:Giant_squid_Ranheim.jpg,CC BY 2.0,https://creativecommons.org/licenses/by/2.0,"Giant squid Ranheim [Architeuthis dux] — NTNU Vitenskapsmuseet / Wikimedia Commons, CC BY 2.0 (https://creativecommons.org/licenses/by/2.0); source: https://commons.wikimedia.org/wiki/File:Giant_squid_Ranheim.jpg. Original attribution: Kjempeblekksprut - Giant Squid Uploaded by Arsenikk. Resized and re-encoded; no subject alteration."
Architeuthis dux,ダイオウイカ,inat-68146399,supplementary_only,Auckland War Memorial Museum,iNaturalist,https://www.inaturalist.org/photos/68146399,CC BY 4.0,https://creativecommons.org/licenses/by/4.0/,"Architeuthis dux [Architeuthis dux] — Auckland War Memorial Museum / iNaturalist, CC BY 4.0 (https://creativecommons.org/licenses/by/4.0/); source: https://www.inaturalist.org/photos/68146399. Original attribution: (c) Auckland War Memorial Museum, some rights reserved (CC BY). Resized and re-encoded; no subject alteration."
Ardea alba,ダイサギ,commons-175499609,primary_candidate,Chuck Homler (FocusOnWildlife.Me),Wikimedia Commons,"https://commons.wikimedia.org/wiki/File:Great_Egret_(Ardea_alba)_in_Breeding_Plumage,_Cape_May_County,_New_Jersey,_USA_(cropped).png",CC BY-SA 4.0,https://creativecommons.org/licenses/by-sa/4.0,"Great Egret (Ardea alba) in Breeding Plumage, Cape May County, New Jersey, USA (cropped) [Ardea alba] — Chuck Homler (FocusOnWildlife.Me) / Wikimedia Commons, CC BY-SA 4.0 (https://creativecommons.org/licenses/by-sa/4.0); source: https://commons.wikimedia.org/wiki/File:Great_Egret_(Ardea_alba)_in_Breeding_Plumage,_Cape_May_County,_New_Jersey,_USA_(cropped).png. Original attribution: This photograph was taken with a Canon EOS R5 by u:Needsmoreritalin .. Resized and re-encoded; no subject alteration."
Ardea alba,ダイサギ,inat-576660418,supplementary_only,no rights reserved,iNaturalist,https://www.inaturalist.org/photos/576660418,CC0 1.0,https://creativecommons.org/publicdomain/zero/1.0/,"Ardea alba [Ardea alba] — no rights reserved / iNaturalist, CC0 1.0 (https://creativecommons.org/publicdomain/zero/1.0/); source: https://www.inaturalist.org/photos/576660418. Original attribution: no rights reserved. Resized and re-encoded; no subject alteration."
Argania spinosa,アルガンノキ,commons-101610071,primary_candidate,"El Harym Y, Belqat B (2017) First checklist of the fruit flies of Morocco, including new records (Diptera, Tephritidae). ZooKeys 702: 137-171. https://doi.org/10.3897/zookeys.702.13368",Wikimedia Commons,https://commons.wikimedia.org/wiki/File:Argania_spinosa_(10.3897-zookeys.702.13368)_Figure_1.jpg,CC BY 4.0,https://creativecommons.org/licenses/by/4.0,"Argania spinosa (10.3897-zookeys.702.13368) Figure 1 [Argania spinosa] — El Harym Y, Belqat B (2017) First checklist of the fruit flies of Morocco, including new records (Diptera, Tephritidae). ZooKeys 702: 137-171. https://doi.org/10.3897/zookeys.702.13368 / Wikimedia Commons, CC BY 4.0 (https://creativecommons.org/licenses/by/4.0); source: https://commons.wikimedia.org/wiki/File:Argania_spinosa_(10.3897-zookeys.702.13368)_Figure_1.jpg. Original attribution: https://zookeys.pensoft.net/article/13368/list/2/ (license). Resized and re-encoded; no subject alteration."
Argania spinosa,アルガンノキ,commons-17140104,primary_candidate,Bjørn Christian Tørrissen,Wikimedia Commons,https://commons.wikimedia.org/wiki/File:Argan_Tree_near_Tafraoute.jpg,CC BY-SA 3.0,https://creativecommons.org/licenses/by-sa/3.0,"Argan Tree near Tafraoute [Argania spinosa] — Bjørn Christian Tørrissen / Wikimedia Commons, CC BY-SA 3.0 (https://creativecommons.org/licenses/by-sa/3.0); source: https://commons.wikimedia.org/wiki/File:Argan_Tree_near_Tafraoute.jpg. Original attribution: Own work by uploader, http://bjornfree.com/galleries.html. Resized and re-encoded; no subject alteration."
Armillaria ostoyae,オニナラタケ,commons-14548220,primary_candidate,Holger Krisp,Wikimedia Commons,https://commons.wikimedia.org/wiki/File:Armillaria-mellea-hallimasch.jpg,CC BY 3.0,https://creativecommons.org/licenses/by/3.0,"Armillaria-mellea-hallimasch [Armillaria ostoyae] — Holger Krisp / Wikimedia Commons, CC BY 3.0 (https://creativecommons.org/licenses/by/3.0); source: https://commons.wikimedia.org/wiki/File:Armillaria-mellea-hallimasch.jpg. Original attribution: Own work. Resized and re-encoded; no subject alteration."
Aspergillus niger,クロコウジカビ,commons-116515853,primary_candidate,Just Sayori,Wikimedia Commons,https://commons.wikimedia.org/wiki/File:Aspergillus_niger_02.jpg,CC BY-SA 4.0,https://creativecommons.org/licenses/by-sa/4.0,"Aspergillus niger 02 [Aspergillus niger] — Just Sayori / Wikimedia Commons, CC BY-SA 4.0 (https://creativecommons.org/licenses/by-sa/4.0); source: https://commons.wikimedia.org/wiki/File:Aspergillus_niger_02.jpg. Original attribution: Own work. Resized and re-encoded; no subject alteration."
Asterias rubens,ヨーロッパヒトデ,commons-364648,primary_candidate,Hans Hillewaert,Wikimedia Commons,https://commons.wikimedia.org/wiki/File:Asterias_rubens.jpg,CC BY-SA 4.0,https://creativecommons.org/licenses/by-sa/4.0,"Asterias rubens [Asterias rubens] — Hans Hillewaert / Wikimedia Commons, CC BY-SA 4.0 (https://creativecommons.org/licenses/by-sa/4.0); source: https://commons.wikimedia.org/wiki/File:Asterias_rubens.jpg. Original attribution: © Hans Hillewaert. Resized and re-encoded; no subject alteration."
Asterias rubens,ヨーロッパヒトデ,inat-261432691,primary_candidate,Darren Obbard,iNaturalist,https://www.inaturalist.org/photos/261432691,CC BY 4.0,https://creativecommons.org/licenses/by/4.0/,"Asterias rubens [Asterias rubens] — Darren Obbard / iNaturalist, CC BY 4.0 (https://creativecommons.org/licenses/by/4.0/); source: https://www.inaturalist.org/photos/261432691. Original attribution: (c) Darren Obbard, some rights reserved (CC BY). Resized and re-encoded; no subject alteration."
Athene cunicularia,アナホリフクロウ,commons-178892051,primary_candidate,Charles J. Sharp,Wikimedia Commons,https://commons.wikimedia.org/wiki/File:Southern_burrowing_owl_(Athene_cunicularia_cunicularia)_Colonia.jpg,CC BY-SA 4.0,https://creativecommons.org/licenses/by-sa/4.0,"Southern burrowing owl (Athene cunicularia cunicularia) Colonia [Athene cunicularia] — Charles J. Sharp / Wikimedia Commons, CC BY-SA 4.0 (https://creativecommons.org/licenses/by-sa/4.0); source: https://commons.wikimedia.org/wiki/File:Southern_burrowing_owl_(Athene_cunicularia_cunicularia)_Colonia.jpg. Original attribution: Own work , from Sharp Photography, sharpphotography.co.uk. Resized and re-encoded; no subject alteration."
Attacus atlas,ヨナグニサン,commons-15223711,primary_candidate,Quartl,Wikimedia Commons,https://commons.wikimedia.org/wiki/File:Attacus_atlas_qtl3.jpg,CC BY-SA 3.0,https://creativecommons.org/licenses/by-sa/3.0,"Attacus atlas qtl3 [Attacus atlas] — Quartl / Wikimedia Commons, CC BY-SA 3.0 (https://creativecommons.org/licenses/by-sa/3.0); source: https://commons.wikimedia.org/wiki/File:Attacus_atlas_qtl3.jpg. Original attribution: Own work. Resized and re-encoded; no subject alteration."
Attacus atlas,ヨナグニサン,inat-4466444,primary_candidate,no rights reserved,iNaturalist,https://www.inaturalist.org/photos/4466444,CC0 1.0,https://creativecommons.org/publicdomain/zero/1.0/,"Attacus atlas [Attacus atlas] — no rights reserved / iNaturalist, CC0 1.0 (https://creativecommons.org/publicdomain/zero/1.0/); source: https://www.inaturalist.org/photos/4466444. Original attribution: no rights reserved. Resized and re-encoded; no subject alteration."
Aurelia aurita,ミズクラゲ,commons-10423311,primary_candidate,Luc Viatour,Wikimedia Commons,https://commons.wikimedia.org/wiki/File:Aurelia_aurita_(Cnidaria)_Luc_Viatour.jpg,CC BY-SA 3.0,https://creativecommons.org/licenses/by-sa/3.0,"Aurelia aurita (Cnidaria) Luc Viatour [Aurelia aurita] — Luc Viatour / Wikimedia Commons, CC BY-SA 3.0 (https://creativecommons.org/licenses/by-sa/3.0); source: https://commons.wikimedia.org/wiki/File:Aurelia_aurita_(Cnidaria)_Luc_Viatour.jpg. Original attribution: I, Luc Viatour. Resized and re-encoded; no subject alteration."
Aurelia aurita,ミズクラゲ,inat-94479314,supplementary_only,no rights reserved,iNaturalist,https://www.inaturalist.org/photos/94479314,CC0 1.0,https://creativecommons.org/publicdomain/zero/1.0/,"Aurelia aurita [Aurelia aurita] — no rights reserved / iNaturalist, CC0 1.0 (https://creativecommons.org/publicdomain/zero/1.0/); source: https://www.inaturalist.org/photos/94479314. Original attribution: no rights reserved. Resized and re-encoded; no subject alteration."
Avicennia marina,ヒルギダマシ,commons-30596330,supplementary_only,Colin Trainor,Wikimedia Commons,https://commons.wikimedia.org/wiki/File:Mature_mangrove_tree_(Avicennia_marina)_at_edge_of_Lake_Be_Malae.jpg,CC BY-SA 3.0,https://creativecommons.org/licenses/by-sa/3.0,"Mature mangrove tree (Avicennia marina) at edge of Lake Be Malae [Avicennia marina] — Colin Trainor / Wikimedia Commons, CC BY-SA 3.0 (https://creativecommons.org/licenses/by-sa/3.0); source: https://commons.wikimedia.org/wiki/File:Mature_mangrove_tree_(Avicennia_marina)_at_edge_of_Lake_Be_Malae.jpg. Original attribution: Colin Trainor. Resized and re-encoded; no subject alteration."
Avicennia marina,ヒルギダマシ,inat-513060144,primary_candidate,no rights reserved,iNaturalist,https://www.inaturalist.org/photos/513060144,CC0 1.0,https://creativecommons.org/publicdomain/zero/1.0/,"Avicennia marina [Avicennia marina] — no rights reserved / iNaturalist, CC0 1.0 (https://creativecommons.org/publicdomain/zero/1.0/); source: https://www.inaturalist.org/photos/513060144. Original attribution: no rights reserved. Resized and re-encoded; no subject alteration."
Azolla filiculoides,アメリカオオアカウキクサ,inat-107323237,primary_candidate,Kevin Thiele,iNaturalist,https://www.inaturalist.org/photos/107323237,CC BY 4.0,https://creativecommons.org/licenses/by/4.0/,"Azolla filiculoides [Azolla filiculoides] — Kevin Thiele / iNaturalist, CC BY 4.0 (https://creativecommons.org/licenses/by/4.0/); source: https://www.inaturalist.org/photos/107323237. Original attribution: (c) Kevin Thiele, some rights reserved (CC BY). Resized and re-encoded; no subject alteration."
Bacillus subtilis,枯草菌,commons-64133397,supplementary_only,О2016льга,Wikimedia Commons,https://commons.wikimedia.org/wiki/File:Colonies_of_Bacillus_subtilis_(1_day_and_3_day_old).jpg,CC BY 4.0,https://creativecommons.org/licenses/by/4.0,"Colonies of Bacillus subtilis (1 day and 3 day old) [Bacillus subtilis] — О2016льга / Wikimedia Commons, CC BY 4.0 (https://creativecommons.org/licenses/by/4.0); source: https://commons.wikimedia.org/wiki/File:Colonies_of_Bacillus_subtilis_(1_day_and_3_day_old).jpg. Original attribution: Own work. Resized and re-encoded; no subject alteration."
Balaeniceps rex,ハシビロコウ,commons-9606216,primary_candidate,Bob Owen,Wikimedia Commons,"https://commons.wikimedia.org/wiki/File:Balaeniceps_rex_-Ueno_Zoo,_Tokyo,_Japan-8a.jpg",CC BY 2.0,https://creativecommons.org/licenses/by/2.0,"Balaeniceps rex -Ueno Zoo, Tokyo, Japan-8a [Balaeniceps rex] — Bob Owen / Wikimedia Commons, CC BY 2.0 (https://creativecommons.org/licenses/by/2.0); source: https://commons.wikimedia.org/wiki/File:Balaeniceps_rex_-Ueno_Zoo,_Tokyo,_Japan-8a.jpg. Original attribution: originally posted to Flickr as Shoebill. Resized and re-encoded; no subject alteration."
Balaeniceps rex,ハシビロコウ,inat-48493423,supplementary_only,Annika Lindqvist,iNaturalist,https://www.inaturalist.org/photos/48493423,CC BY 4.0,https://creativecommons.org/licenses/by/4.0/,"Balaeniceps rex [Balaeniceps rex] — Annika Lindqvist / iNaturalist, CC BY 4.0 (https://creativecommons.org/licenses/by/4.0/); source: https://www.inaturalist.org/photos/48493423. Original attribution: (c) Annika Lindqvist, some rights reserved (CC BY). Resized and re-encoded; no subject alteration."
Balaenoptera musculus,シロナガスクジラ,inat-615864130,supplementary_only,Tomás Tamagno,iNaturalist,https://www.inaturalist.org/photos/615864130,CC BY 4.0,https://creativecommons.org/licenses/by/4.0/,"Balaenoptera musculus [Balaenoptera musculus] — Tomás Tamagno / iNaturalist, CC BY 4.0 (https://creativecommons.org/licenses/by/4.0/); source: https://www.inaturalist.org/photos/615864130. Original attribution: (c) Tomás Tamagno, some rights reserved (CC BY). Resized and re-encoded; no subject alteration."
Balaenoptera physalus,ナガスクジラ,commons-47954017,primary_candidate,Aqqa Rosing-Asvid - Visit Greenland,Wikimedia Commons,https://commons.wikimedia.org/wiki/File:Finhval_(1).jpg,CC BY 2.0,https://creativecommons.org/licenses/by/2.0,"Finhval (1) [Balaenoptera physalus] — Aqqa Rosing-Asvid - Visit Greenland / Wikimedia Commons, CC BY 2.0 (https://creativecommons.org/licenses/by/2.0); source: https://commons.wikimedia.org/wiki/File:Finhval_(1).jpg. Original attribution: File:Finhval.jpg. Resized and re-encoded; no subject alteration."
Basiliscus plumifrons,グリーンバシリスク,commons-42797300,primary_candidate,Connor Long,Wikimedia Commons,"https://commons.wikimedia.org/wiki/File:Green_Basilisk,_Alajuela,_Costa_Rica.jpg",CC BY-SA 4.0,https://creativecommons.org/licenses/by-sa/4.0,"Green Basilisk, Alajuela, Costa Rica [Basiliscus plumifrons] — Connor Long / Wikimedia Commons, CC BY-SA 4.0 (https://creativecommons.org/licenses/by-sa/4.0); source: https://commons.wikimedia.org/wiki/File:Green_Basilisk,_Alajuela,_Costa_Rica.jpg. Original attribution: Own work. Resized and re-encoded; no subject alteration."
Basiliscus plumifrons,グリーンバシリスク,inat-203589937,primary_candidate,Josiah Londerée,iNaturalist,https://www.inaturalist.org/photos/203589937,CC BY 4.0,https://creativecommons.org/licenses/by/4.0/,"Basiliscus plumifrons [Basiliscus plumifrons] — Josiah Londerée / iNaturalist, CC BY 4.0 (https://creativecommons.org/licenses/by/4.0/); source: https://www.inaturalist.org/photos/203589937. Original attribution: (c) Josiah Londerée, some rights reserved (CC BY). Resized and re-encoded; no subject alteration."
Betta splendens,ベタ,commons-12683082,primary_candidate,Daniella Vereeken,Wikimedia Commons,https://commons.wikimedia.org/wiki/File:HM_Orange_M_Sarawut.jpg,CC BY 2.0,https://creativecommons.org/licenses/by/2.0,"HM Orange M Sarawut [Betta splendens] — Daniella Vereeken / Wikimedia Commons, CC BY 2.0 (https://creativecommons.org/licenses/by/2.0); source: https://commons.wikimedia.org/wiki/File:HM_Orange_M_Sarawut.jpg. Original attribution: Flickr : HM Orange M - Sarawut. Resized and re-encoded; no subject alteration."
Betta splendens,ベタ,inat-732172305,primary_candidate,Marcello Mastroianni Albuquerque Araújo,iNaturalist,https://www.inaturalist.org/photos/732172305,CC BY 4.0,https://creativecommons.org/licenses/by/4.0/,"Betta splendens [Betta splendens] — Marcello Mastroianni Albuquerque Araújo / iNaturalist, CC BY 4.0 (https://creativecommons.org/licenses/by/4.0/); source: https://www.inaturalist.org/photos/732172305. Original attribution: (c) Marcello Mastroianni Albuquerque Araújo, some rights reserved (CC BY). Resized and re-encoded; no subject alteration."
Birgus latro,ヤシガニ,commons-9861915,primary_candidate,Drew Avery,Wikimedia Commons,https://commons.wikimedia.org/wiki/File:Coconut_Crab_Birgus_latro.jpg,CC BY 2.0,https://creativecommons.org/licenses/by/2.0,"Coconut Crab Birgus latro [Birgus latro] — Drew Avery / Wikimedia Commons, CC BY 2.0 (https://creativecommons.org/licenses/by/2.0); source: https://commons.wikimedia.org/wiki/File:Coconut_Crab_Birgus_latro.jpg. Original attribution: originally posted to Flickr as Coconut Crab {Birgus latro}#2. Resized and re-encoded; no subject alteration."
Birgus latro,ヤシガニ,inat-280591056,supplementary_only,no rights reserved,iNaturalist,https://www.inaturalist.org/photos/280591056,CC0 1.0,https://creativecommons.org/publicdomain/zero/1.0/,"Birgus latro [Birgus latro] — no rights reserved / iNaturalist, CC0 1.0 (https://creativecommons.org/publicdomain/zero/1.0/); source: https://www.inaturalist.org/photos/280591056. Original attribution: no rights reserved. Resized and re-encoded; no subject alteration."
Bison bison,アメリカバイソン,commons-141395961,primary_candidate,Lucas Golden,Wikimedia Commons,https://commons.wikimedia.org/wiki/File:American_Bison_with_Calf.jpg,CC BY 4.0,https://creativecommons.org/licenses/by/4.0,"American Bison with Calf [Bison bison] — Lucas Golden / Wikimedia Commons, CC BY 4.0 (https://creativecommons.org/licenses/by/4.0); source: https://commons.wikimedia.org/wiki/File:American_Bison_with_Calf.jpg. Original attribution: Own work. Resized and re-encoded; no subject alteration."
Bitis gabonica,ガボンアダー,inat-81367802,primary_candidate,no rights reserved,iNaturalist,https://www.inaturalist.org/photos/81367802,CC0 1.0,https://creativecommons.org/publicdomain/zero/1.0/,"Bitis gabonica [Bitis gabonica] — no rights reserved / iNaturalist, CC0 1.0 (https://creativecommons.org/publicdomain/zero/1.0/); source: https://www.inaturalist.org/photos/81367802. Original attribution: no rights reserved. Resized and re-encoded; no subject alteration."
Boa constrictor,ボアコンストリクター,commons-164967572,primary_candidate,Charles J. Sharp,Wikimedia Commons,https://commons.wikimedia.org/wiki/File:Red-tailed_boa_(Boa_constrictor_constrictor)_Rio_Napo.jpg,CC BY-SA 4.0,https://creativecommons.org/licenses/by-sa/4.0,"Red-tailed boa (Boa constrictor constrictor) Rio Napo [Boa constrictor] — Charles J. Sharp / Wikimedia Commons, CC BY-SA 4.0 (https://creativecommons.org/licenses/by-sa/4.0); source: https://commons.wikimedia.org/wiki/File:Red-tailed_boa_(Boa_constrictor_constrictor)_Rio_Napo.jpg. Original attribution: Own work , from Sharp Photography, sharpphotography.co.uk. Resized and re-encoded; no subject alteration."
Boa constrictor,ボアコンストリクター,inat-102416341,supplementary_only,no rights reserved,iNaturalist,https://www.inaturalist.org/photos/102416341,CC0 1.0,https://creativecommons.org/publicdomain/zero/1.0/,"Boa constrictor [Boa constrictor] — no rights reserved / iNaturalist, CC0 1.0 (https://creativecommons.org/publicdomain/zero/1.0/); source: https://www.inaturalist.org/photos/102416341. Original attribution: no rights reserved. Resized and re-encoded; no subject alteration."
Boletus edulis,ヤマドリタケ,commons-122442231,primary_candidate,ReddishClover,Wikimedia Commons,https://commons.wikimedia.org/wiki/File:Boletus_edulis_IT.jpg,CC BY-SA 4.0,https://creativecommons.org/licenses/by-sa/4.0,"Boletus edulis IT [Boletus edulis] — ReddishClover / Wikimedia Commons, CC BY-SA 4.0 (https://creativecommons.org/licenses/by-sa/4.0); source: https://commons.wikimedia.org/wiki/File:Boletus_edulis_IT.jpg. Original attribution: Own work. Resized and re-encoded; no subject alteration."
Boletus edulis,ヤマドリタケ,commons-126764168,primary_candidate,Мандрівниця,Wikimedia Commons,https://commons.wikimedia.org/wiki/File:%D0%91%D1%96%D0%BB%D0%B8%D0%B9_%D0%B3%D1%80%D0%B8%D0%B1_%D1%83_%D0%93%D0%B0%D0%B4%D1%8F%D1%86%D1%8C%D0%BA%D0%BE%D0%BC%D1%83_%D1%81%D0%BE%D1%81%D0%BD%D0%BE%D0%B2%D0%BE%D0%BC%D1%83_%D0%B1%D0%BE%D1%80%D1%83._%D0%9F%D0%BE%D0%BB%D1%82%D0%B0%D0%B2%D1%89%D0%B8%D0%BD%D0%B0_2012_%D1%80%D0%BE%D0%BA%D1%83_03.jpg,CC BY 4.0,https://creativecommons.org/licenses/by/4.0,"Білий гриб у Гадяцькому сосновому бору. Полтавщина 2012 року 03 [Boletus edulis] — Мандрівниця / Wikimedia Commons, CC BY 4.0 (https://creativecommons.org/licenses/by/4.0); source: https://commons.wikimedia.org/wiki/File:%D0%91%D1%96%D0%BB%D0%B8%D0%B9_%D0%B3%D1%80%D0%B8%D0%B1_%D1%83_%D0%93%D0%B0%D0%B4%D1%8F%D1%86%D1%8C%D0%BA%D0%BE%D0%BC%D1%83_%D1%81%D0%BE%D1%81%D0%BD%D0%BE%D0%B2%D0%BE%D0%BC%D1%83_%D0%B1%D0%BE%D1%80%D1%83._%D0%9F%D0%BE%D0%BB%D1%82%D0%B0%D0%B2%D1%89%D0%B8%D0%BD%D0%B0_2012_%D1%80%D0%BE%D0%BA%D1%83_03.jpg. Original attribution: Own work. Resized and re-encoded; no subject alteration."
Bombyx mori,カイコ,commons-28523650,supplementary_only,Image details Casio EX ZR1000 Orikrin1998 CC-BY-3.0,Wikimedia Commons,https://commons.wikimedia.org/wiki/File:Vers_%C3%A0_soie_(4).JPG,CC BY 3.0,https://creativecommons.org/licenses/by/3.0,"Vers à soie (4) [Bombyx mori] — Image details Casio EX ZR1000 Orikrin1998 CC-BY-3.0 / Wikimedia Commons, CC BY 3.0 (https://creativecommons.org/licenses/by/3.0); source: https://commons.wikimedia.org/wiki/File:Vers_%C3%A0_soie_(4).JPG. Original attribution: Own work. Resized and re-encoded; no subject alteration."
Bos taurus,ウシ,commons-7421277,primary_candidate,Kim Hansen,Wikimedia Commons,https://commons.wikimedia.org/wiki/File:Cow_(Fleckvieh_breed)_Oeschinensee_Slaunger_2009-07-07.jpg,CC BY-SA 3.0,https://creativecommons.org/licenses/by-sa/3.0,"Cow (Fleckvieh breed) Oeschinensee Slaunger 2009-07-07 [Bos taurus] — Kim Hansen / Wikimedia Commons, CC BY-SA 3.0 (https://creativecommons.org/licenses/by-sa/3.0); source: https://commons.wikimedia.org/wiki/File:Cow_(Fleckvieh_breed)_Oeschinensee_Slaunger_2009-07-07.jpg. Original attribution: Own work. Resized and re-encoded; no subject alteration."
Bos taurus,ウシ,inat-29102489,primary_candidate,Paulius Rupšas,iNaturalist,https://www.inaturalist.org/photos/29102489,CC BY 4.0,https://creativecommons.org/licenses/by/4.0/,"Bos taurus [Bos taurus] — Paulius Rupšas / iNaturalist, CC BY 4.0 (https://creativecommons.org/licenses/by/4.0/); source: https://www.inaturalist.org/photos/29102489. Original attribution: (c) Paulius Rupšas, some rights reserved (CC BY). Resized and re-encoded; no subject alteration."
Botrytis cinerea,灰色かび病菌,commons-154440735,supplementary_only,Schlaghecken Josef,Wikimedia Commons,https://commons.wikimedia.org/wiki/File:Himbeere_(Rubus_idaeus)_mit_Grauschimmel_(Botrytis_cinerea)-Josef_Schlaghecken.jpg,CC BY 4.0,https://creativecommons.org/licenses/by/4.0,"Himbeere (Rubus idaeus) mit Grauschimmel (Botrytis cinerea)-Josef Schlaghecken [Botrytis cinerea] — Schlaghecken Josef / Wikimedia Commons, CC BY 4.0 (https://creativecommons.org/licenses/by/4.0); source: https://commons.wikimedia.org/wiki/File:Himbeere_(Rubus_idaeus)_mit_Grauschimmel_(Botrytis_cinerea)-Josef_Schlaghecken.jpg. Original attribution: Own work. Resized and re-encoded; no subject alteration."
Bradypus variegatus,ノドチャミユビナマケモノ,inat-60587910,supplementary_only,Aitor,iNaturalist,https://www.inaturalist.org/photos/60587910,CC BY 4.0,https://creativecommons.org/licenses/by/4.0/,"Bradypus variegatus [Bradypus variegatus] — Aitor / iNaturalist, CC BY 4.0 (https://creativecommons.org/licenses/by/4.0/); source: https://www.inaturalist.org/photos/60587910. Original attribution: (c) Aitor, some rights reserved (CC BY). Resized and re-encoded; no subject alteration."
Branchiostoma lanceolatum,ヨーロッパナメクジウオ,commons-5712836,primary_candidate,Hans Hillewaert,Wikimedia Commons,https://commons.wikimedia.org/wiki/File:Branchiostoma_lanceolatum.jpg,CC BY-SA 4.0,https://creativecommons.org/licenses/by-sa/4.0,"Branchiostoma lanceolatum [Branchiostoma lanceolatum] — Hans Hillewaert / Wikimedia Commons, CC BY-SA 4.0 (https://creativecommons.org/licenses/by-sa/4.0); source: https://commons.wikimedia.org/wiki/File:Branchiostoma_lanceolatum.jpg. Original attribution: © Hans Hillewaert. Resized and re-encoded; no subject alteration."
Branchiostoma lanceolatum,ヨーロッパナメクジウオ,inat-14958565,primary_candidate,Hans Hillewaert,iNaturalist,https://www.inaturalist.org/photos/14958565,CC BY-SA 4.0,https://creativecommons.org/licenses/by-sa/4.0/,"Branchiostoma lanceolatum [Branchiostoma lanceolatum] — Hans Hillewaert / iNaturalist, CC BY-SA 4.0 (https://creativecommons.org/licenses/by-sa/4.0/); source: https://www.inaturalist.org/photos/14958565. Original attribution: (c) Hans Hillewaert, some rights reserved (CC BY-SA). Resized and re-encoded; no subject alteration."
Breviolum minutum,ブレビオルム・ミヌトゥム（サンゴ共生藻）,commons-107815009,supplementary_only,"Kaz Kawamura, Satoko Sekida, Koki Nishitsuji, Eiichi Shoguchi, Kanako Hisata, Shigeki Fujiwara, Noriyuki Satoh",Wikimedia Commons,https://commons.wikimedia.org/wiki/File:Fmars-08-706308-g002.jpg,CC BY-SA 4.0,https://creativecommons.org/licenses/by-sa/4.0,"Fmars-08-706308-g002 [Breviolum minutum] — Kaz Kawamura, Satoko Sekida, Koki Nishitsuji, Eiichi Shoguchi, Kanako Hisata, Shigeki Fujiwara, Noriyuki Satoh / Wikimedia Commons, CC BY-SA 4.0 (https://creativecommons.org/licenses/by-sa/4.0); source: https://commons.wikimedia.org/wiki/File:Fmars-08-706308-g002.jpg. Original attribution: Fig. 2 at https://www.frontiersin.org/articles/10.3389/fmars.2021.706308/full In vitro Symbiosis of Reef-Building Coral Cells With Photosynthetic Dinoflagellates. In: Front. Mar. Sci., doi:10.3389/fmars.2021.706308. Resized and re-encoded; no subject alteration."
Bubo bubo,ワシミミズク,commons-148369001,primary_candidate,JarroNevsbaru,Wikimedia Commons,https://commons.wikimedia.org/wiki/File:Eurasian_eagle_owl_(Bubo_bubo)_2024.jpg,CC BY 4.0,https://creativecommons.org/licenses/by/4.0,"Eurasian eagle owl (Bubo bubo) 2024 [Bubo bubo] — JarroNevsbaru / Wikimedia Commons, CC BY 4.0 (https://creativecommons.org/licenses/by/4.0); source: https://commons.wikimedia.org/wiki/File:Eurasian_eagle_owl_(Bubo_bubo)_2024.jpg. Original attribution: Own work. Resized and re-encoded; no subject alteration."
Bubo scandiacus,シロフクロウ,commons-30465797,primary_candidate,Chuck Homler d/b/a Focus On Wildlife,Wikimedia Commons,https://commons.wikimedia.org/wiki/File:SnowyOwlAmericanBlackDuck.jpg,CC BY-SA 3.0,https://creativecommons.org/licenses/by-sa/3.0,"SnowyOwlAmericanBlackDuck [Bubo scandiacus] — Chuck Homler d/b/a Focus On Wildlife / Wikimedia Commons, CC BY-SA 3.0 (https://creativecommons.org/licenses/by-sa/3.0); source: https://commons.wikimedia.org/wiki/File:SnowyOwlAmericanBlackDuck.jpg. Original attribution: Own work Focus On Wildlife. Resized and re-encoded; no subject alteration."
Bubo scandiacus,シロフクロウ,inat-343832881,primary_candidate,Dustin Snider,iNaturalist,https://www.inaturalist.org/photos/343832881,CC BY 4.0,https://creativecommons.org/licenses/by/4.0/,"Bubo scandiacus [Bubo scandiacus] — Dustin Snider / iNaturalist, CC BY 4.0 (https://creativecommons.org/licenses/by/4.0/); source: https://www.inaturalist.org/photos/343832881. Original attribution: (c) Dustin Snider, some rights reserved (CC BY). Resized and re-encoded; no subject alteration."
Buceros bicornis,オオサイチョウ,inat-128362707,primary_candidate,Rejoice Gassah,iNaturalist,https://www.inaturalist.org/photos/128362707,CC BY 4.0,https://creativecommons.org/licenses/by/4.0/,"Buceros bicornis [Buceros bicornis] — Rejoice Gassah / iNaturalist, CC BY 4.0 (https://creativecommons.org/licenses/by/4.0/); source: https://www.inaturalist.org/photos/128362707. Original attribution: (c) Rejoice Gassah, some rights reserved (CC BY). Resized and re-encoded; no subject alteration."
Bufo bufo,ヨーロッパヒキガエル,commons-149437390,primary_candidate,Tythatguy1312,Wikimedia Commons,https://commons.wikimedia.org/wiki/File:Common_Toad_Cornwall.jpeg,CC BY-SA 4.0,https://creativecommons.org/licenses/by-sa/4.0,"Common Toad Cornwall [Bufo bufo] — Tythatguy1312 / Wikimedia Commons, CC BY-SA 4.0 (https://creativecommons.org/licenses/by-sa/4.0); source: https://commons.wikimedia.org/wiki/File:Common_Toad_Cornwall.jpeg. Original attribution: Caught by myself personally.. Resized and re-encoded; no subject alteration."
Bufo bufo,ヨーロッパヒキガエル,inat-235371826,supplementary_only,no rights reserved,iNaturalist,https://www.inaturalist.org/photos/235371826,CC0 1.0,https://creativecommons.org/publicdomain/zero/1.0/,"Bufo bufo [Bufo bufo] — no rights reserved / iNaturalist, CC0 1.0 (https://creativecommons.org/publicdomain/zero/1.0/); source: https://www.inaturalist.org/photos/235371826. Original attribution: no rights reserved. Resized and re-encoded; no subject alteration."
Cacatua galerita,キバタン,commons-6913159,primary_candidate,JJ Harrison ( https://www.jjharrison.com.au/ ),Wikimedia Commons,https://commons.wikimedia.org/wiki/File:Cacatua_galerita_Tas_2.jpg,CC BY-SA 3.0,https://creativecommons.org/licenses/by-sa/3.0,"Cacatua galerita Tas 2 [Cacatua galerita] — JJ Harrison ( https://www.jjharrison.com.au/ ) / Wikimedia Commons, CC BY-SA 3.0 (https://creativecommons.org/licenses/by-sa/3.0); source: https://commons.wikimedia.org/wiki/File:Cacatua_galerita_Tas_2.jpg. Original attribution: Own work. Resized and re-encoded; no subject alteration."
Cacatua galerita,キバタン,inat-285768739,primary_candidate,no rights reserved,iNaturalist,https://www.inaturalist.org/photos/285768739,CC0 1.0,https://creativecommons.org/publicdomain/zero/1.0/,"Cacatua galerita [Cacatua galerita] — no rights reserved / iNaturalist, CC0 1.0 (https://creativecommons.org/publicdomain/zero/1.0/); source: https://www.inaturalist.org/photos/285768739. Original attribution: no rights reserved. Resized and re-encoded; no subject alteration."
Caenorhabditis elegans,シー・エレガンス,inat-28187857,primary_candidate,Casey H. Richart,iNaturalist,https://www.inaturalist.org/photos/28187857,CC BY 4.0,https://creativecommons.org/licenses/by/4.0/,"Caenorhabditis elegans [Caenorhabditis elegans] — Casey H. Richart / iNaturalist, CC BY 4.0 (https://creativecommons.org/licenses/by/4.0/); source: https://www.inaturalist.org/photos/28187857. Original attribution: (c) Casey H. Richart, some rights reserved (CC BY). Resized and re-encoded; no subject alteration."
Caiman crocodilus,メガネカイマン,commons-9494692,primary_candidate,Berrucomons,Wikimedia Commons,https://commons.wikimedia.org/wiki/File:Caiman_crocodilus_llanos.JPG,CC BY-SA 3.0,https://creativecommons.org/licenses/by-sa/3.0,"Caiman crocodilus llanos [Caiman crocodilus] — Berrucomons / Wikimedia Commons, CC BY-SA 3.0 (https://creativecommons.org/licenses/by-sa/3.0); source: https://commons.wikimedia.org/wiki/File:Caiman_crocodilus_llanos.JPG. Original attribution: Own work. Resized and re-encoded; no subject alteration."
Caiman crocodilus,メガネカイマン,inat-266687776,supplementary_only,no rights reserved,iNaturalist,https://www.inaturalist.org/photos/266687776,CC0 1.0,https://creativecommons.org/publicdomain/zero/1.0/,"Caiman crocodilus [Caiman crocodilus] — no rights reserved / iNaturalist, CC0 1.0 (https://creativecommons.org/publicdomain/zero/1.0/); source: https://www.inaturalist.org/photos/266687776. Original attribution: no rights reserved. Resized and re-encoded; no subject alteration."
Calanus finmarchicus,カラヌス・フィンマルキクス（北大西洋カイアシ類）,inat-198195756,primary_candidate,Leïla Brunner,iNaturalist,https://www.inaturalist.org/photos/198195756,CC BY 4.0,https://creativecommons.org/licenses/by/4.0/,"Calanus finmarchicus [Calanus finmarchicus] — Leïla Brunner / iNaturalist, CC BY 4.0 (https://creativecommons.org/licenses/by/4.0/); source: https://www.inaturalist.org/photos/198195756. Original attribution: (c) Leïla Brunner, some rights reserved (CC BY). Resized and re-encoded; no subject alteration."
Callinectes sapidus,アオガニ,inat-11795109,primary_candidate,no rights reserved,iNaturalist,https://www.inaturalist.org/photos/11795109,CC0 1.0,https://creativecommons.org/publicdomain/zero/1.0/,"Callinectes sapidus [Callinectes sapidus] — no rights reserved / iNaturalist, CC0 1.0 (https://creativecommons.org/publicdomain/zero/1.0/); source: https://www.inaturalist.org/photos/11795109. Original attribution: no rights reserved. Resized and re-encoded; no subject alteration."
Callithrix jacchus,コモンマーモセット,commons-53345,primary_candidate,Raimond Spekking,Wikimedia Commons,https://commons.wikimedia.org/wiki/File:Wei%C3%9Fb%C3%BCschelaffe_(Callithrix_jacchus).jpg,CC BY-SA 4.0,https://creativecommons.org/licenses/by-sa/4.0,"Weißbüschelaffe (Callithrix jacchus) [Callithrix jacchus] — Raimond Spekking / Wikimedia Commons, CC BY-SA 4.0 (https://creativecommons.org/licenses/by-sa/4.0); source: https://commons.wikimedia.org/wiki/File:Wei%C3%9Fb%C3%BCschelaffe_(Callithrix_jacchus).jpg. Original attribution: © Raimond Spekking / CC BY-SA 4.0 (via Wikimedia Commons). Resized and re-encoded; no subject alteration."
Callithrix jacchus,コモンマーモセット,inat-504048647,supplementary_only,Antonio Nonato,iNaturalist,https://www.inaturalist.org/photos/504048647,CC BY 4.0,https://creativecommons.org/licenses/by/4.0/,"Callithrix jacchus [Callithrix jacchus] — Antonio Nonato / iNaturalist, CC BY 4.0 (https://creativecommons.org/licenses/by/4.0/); source: https://www.inaturalist.org/photos/504048647. Original attribution: (c) Antonio Nonato, some rights reserved (CC BY). Resized and re-encoded; no subject alteration."
Camellia sinensis,チャノキ,inat-3431826,supplementary_only,Stuart Cable,iNaturalist,https://www.inaturalist.org/photos/3431826,CC BY 4.0,https://creativecommons.org/licenses/by/4.0/,"Camellia sinensis [Camellia sinensis] — Stuart Cable / iNaturalist, CC BY 4.0 (https://creativecommons.org/licenses/by/4.0/); source: https://www.inaturalist.org/photos/3431826. Original attribution: (c) Stuart Cable, some rights reserved (CC BY), uploaded by Stuart Cable. Resized and re-encoded; no subject alteration."
Camelus dromedarius,ヒトコブラクダ,commons-5330768,primary_candidate,Florian Prischl,Wikimedia Commons,https://commons.wikimedia.org/wiki/File:Camelus_dromedarius_in_Nuweiba.jpg,CC BY-SA 3.0,https://creativecommons.org/licenses/by-sa/3.0,"Camelus dromedarius in Nuweiba [Camelus dromedarius] — Florian Prischl / Wikimedia Commons, CC BY-SA 3.0 (https://creativecommons.org/licenses/by-sa/3.0); source: https://commons.wikimedia.org/wiki/File:Camelus_dromedarius_in_Nuweiba.jpg. Original attribution: Own work. Resized and re-encoded; no subject alteration."
Camelus dromedarius,ヒトコブラクダ,inat-105974064,primary_candidate,no rights reserved,iNaturalist,https://www.inaturalist.org/photos/105974064,CC0 1.0,https://creativecommons.org/publicdomain/zero/1.0/,"Camelus dromedarius [Camelus dromedarius] — no rights reserved / iNaturalist, CC0 1.0 (https://creativecommons.org/publicdomain/zero/1.0/); source: https://www.inaturalist.org/photos/105974064. Original attribution: no rights reserved. Resized and re-encoded; no subject alteration."
Camelus ferus,野生フタコブラクダ,commons-15954191,primary_candidate,John Hill,Wikimedia Commons,https://commons.wikimedia.org/wiki/File:Wild_Bactrian_camel_on_road_east_of_Yarkand.jpg,CC BY-SA 3.0,https://creativecommons.org/licenses/by-sa/3.0,"Wild Bactrian camel on road east of Yarkand [Camelus ferus] — John Hill / Wikimedia Commons, CC BY-SA 3.0 (https://creativecommons.org/licenses/by-sa/3.0); source: https://commons.wikimedia.org/wiki/File:Wild_Bactrian_camel_on_road_east_of_Yarkand.jpg. Original attribution: Own work. Resized and re-encoded; no subject alteration."
Candida albicans,カンジダ・アルビカンス,commons-161691604,supplementary_only,Ajay Kumar Chaurasiya,Wikimedia Commons,https://commons.wikimedia.org/wiki/File:Candida_albicans_colony_morphology_on_Sabouraud_dextrose_agar_(SDA)_after_72_hours_of_incubation-Reverse_view.jpg,CC BY 4.0,https://creativecommons.org/licenses/by/4.0,"Candida albicans colony morphology on Sabouraud dextrose agar (SDA) after 72 hours of incubation-Reverse view [Candida albicans] — Ajay Kumar Chaurasiya / Wikimedia Commons, CC BY 4.0 (https://creativecommons.org/licenses/by/4.0); source: https://commons.wikimedia.org/wiki/File:Candida_albicans_colony_morphology_on_Sabouraud_dextrose_agar_(SDA)_after_72_hours_of_incubation-Reverse_view.jpg. Original attribution: Own work. Resized and re-encoded; no subject alteration."
Candidatus Prometheoarchaeum syntrophicum,プロメテオアルカエウム・シントロフィクム,commons-117990073,primary_candidate,"Hiroyuki Imachi, Masaru K. Nobu,Nozomi Nakahara,Yuki Morono, Miyuki Ogawara, Yoshihiro Takaki, Yoshinori Takano, Katsuyuki Uematsu, Tetsuro Ikuta, Motoo Ito, Yohei Matsui, Masayuki Miyazaki, Kazuyoshi Murata, Yumi Saito, Sanae Sakai, Chihong Song, Eiji Tasumi, Yuko Yamanaka, Takashi Yamaguchi, Yoichi Kamagata, Hideyuki Tamaki, and Ken Takai",Wikimedia Commons,https://commons.wikimedia.org/wiki/File:Promethearchaeum_syntrophicum.jpg,CC BY-SA 4.0,https://creativecommons.org/licenses/by-sa/4.0,"Promethearchaeum syntrophicum [Candidatus Prometheoarchaeum syntrophicum] — Hiroyuki Imachi, Masaru K. Nobu,Nozomi Nakahara,Yuki Morono, Miyuki Ogawara, Yoshihiro Takaki, Yoshinori Takano, Katsuyuki Uematsu, Tetsuro Ikuta, Motoo Ito, Yohei Matsui, Masayuki Miyazaki, Kazuyoshi Murata, Yumi Saito, Sanae Sakai, Chihong Song, Eiji Tasumi, Yuko Yamanaka, Takashi Yamaguchi, Yoichi Kamagata, Hideyuki Tamaki, and Ken Takai / Wikimedia Commons, CC BY-SA 4.0 (https://creativecommons.org/licenses/by-sa/4.0); source: https://commons.wikimedia.org/wiki/File:Promethearchaeum_syntrophicum.jpg. Original attribution: Isolation of an archaeon at the prokaryote–eukaryote interface. Nature 577, 519–525 (2020). https://doi.org/10.1038/s41586-019-1916-6 [See https://pmc.ncbi.nlm.nih.gov/articles/PMC7015854 for CC license]. Resized and re-encoded; no subject alteration."
Canis latrans,コヨーテ,inat-63301364,supplementary_only,no rights reserved,iNaturalist,https://www.inaturalist.org/photos/63301364,CC0 1.0,https://creativecommons.org/publicdomain/zero/1.0/,"Canis latrans [Canis latrans] — no rights reserved / iNaturalist, CC0 1.0 (https://creativecommons.org/publicdomain/zero/1.0/); source: https://www.inaturalist.org/photos/63301364. Original attribution: no rights reserved. Resized and re-encoded; no subject alteration."
Canis lupus,ハイイロオオカミ,commons-95523086,primary_candidate,User:Mas3cf,Wikimedia Commons,https://commons.wikimedia.org/wiki/File:Eurasian_wolf_2.jpg,CC BY-SA 4.0,https://creativecommons.org/licenses/by-sa/4.0,"Eurasian wolf 2 [Canis lupus] — User:Mas3cf / Wikimedia Commons, CC BY-SA 4.0 (https://creativecommons.org/licenses/by-sa/4.0); source: https://commons.wikimedia.org/wiki/File:Eurasian_wolf_2.jpg. Original attribution: This file was derived from: Eurasian wolf.JPG. Resized and re-encoded; no subject alteration."
Canis lupus familiaris,イヌ,commons-12870432,supplementary_only,M. Rehemtulla,Wikimedia Commons,https://commons.wikimedia.org/wiki/File:Huskiesatrest.jpg,CC BY 2.0,https://creativecommons.org/licenses/by/2.0,"Huskiesatrest [Canis lupus familiaris] — M. Rehemtulla / Wikimedia Commons, CC BY 2.0 (https://creativecommons.org/licenses/by/2.0); source: https://commons.wikimedia.org/wiki/File:Huskiesatrest.jpg. Original attribution: https://www.flickr.com/photos/quoimedia/5403502096/. Resized and re-encoded; no subject alteration."
Cannabis sativa,アサ,commons-66310058,supplementary_only,Thayne Tuason,Wikimedia Commons,https://commons.wikimedia.org/wiki/File:Cannabis_sativa_2.jpg,CC BY-SA 4.0,https://creativecommons.org/licenses/by-sa/4.0,"Cannabis sativa 2 [Cannabis sativa] — Thayne Tuason / Wikimedia Commons, CC BY-SA 4.0 (https://creativecommons.org/licenses/by-sa/4.0); source: https://commons.wikimedia.org/wiki/File:Cannabis_sativa_2.jpg. Original attribution: Own work. Resized and re-encoded; no subject alteration."
Cannabis sativa,アサ,inat-83313008,supplementary_only,no rights reserved,iNaturalist,https://www.inaturalist.org/photos/83313008,CC0 1.0,https://creativecommons.org/publicdomain/zero/1.0/,"Cannabis sativa [Cannabis sativa] — no rights reserved / iNaturalist, CC0 1.0 (https://creativecommons.org/publicdomain/zero/1.0/); source: https://www.inaturalist.org/photos/83313008. Original attribution: no rights reserved. Resized and re-encoded; no subject alteration."
Cantharellus cibarius,アンズタケ,commons-3053745,primary_candidate,Horst74,Wikimedia Commons,https://commons.wikimedia.org/wiki/File:Li%C5%A1ka_obecn%C3%A1D.JPG,CC BY 3.0,https://creativecommons.org/licenses/by/3.0,"Liška obecnáD [Cantharellus cibarius] — Horst74 / Wikimedia Commons, CC BY 3.0 (https://creativecommons.org/licenses/by/3.0); source: https://commons.wikimedia.org/wiki/File:Li%C5%A1ka_obecn%C3%A1D.JPG. Original attribution: Own work. Resized and re-encoded; no subject alteration."
Capra hircus,ヤギ,commons-10972619,primary_candidate,Kuebi = Armin Kübelbeck,Wikimedia Commons,https://commons.wikimedia.org/wiki/File:Hausziege_04.jpg,CC BY-SA 3.0,https://creativecommons.org/licenses/by-sa/3.0,"Hausziege 04 [Capra hircus] — Kuebi = Armin Kübelbeck / Wikimedia Commons, CC BY-SA 3.0 (https://creativecommons.org/licenses/by-sa/3.0); source: https://commons.wikimedia.org/wiki/File:Hausziege_04.jpg. Original attribution: Own work. Resized and re-encoded; no subject alteration."
Capra hircus,ヤギ,inat-267111838,supplementary_only,Roy Lowry,iNaturalist,https://www.inaturalist.org/photos/267111838,CC BY 4.0,https://creativecommons.org/licenses/by/4.0/,"Capra hircus [Capra hircus] — Roy Lowry / iNaturalist, CC BY 4.0 (https://creativecommons.org/licenses/by/4.0/); source: https://www.inaturalist.org/photos/267111838. Original attribution: (c) Roy Lowry, some rights reserved (CC BY). Resized and re-encoded; no subject alteration."
Capra ibex,アルプスアイベックス,commons-120510152,primary_candidate,Giles Laurent,Wikimedia Commons,https://commons.wikimedia.org/wiki/File:003_Wild_Alpine_Ibex_Sunset_Creux_du_Van_Mont_Racine_Photo_by_Giles_Laurent.jpg,CC BY-SA 4.0,https://creativecommons.org/licenses/by-sa/4.0,"003 Wild Alpine Ibex Sunset Creux du Van Mont Racine Photo by Giles Laurent [Capra ibex] — Giles Laurent / Wikimedia Commons, CC BY-SA 4.0 (https://creativecommons.org/licenses/by-sa/4.0); source: https://commons.wikimedia.org/wiki/File:003_Wild_Alpine_Ibex_Sunset_Creux_du_Van_Mont_Racine_Photo_by_Giles_Laurent.jpg. Original attribution: © Giles Laurent , gileslaurent.com , License CC BY-SA. Resized and re-encoded; no subject alteration."
Caracal caracal,カラカル,commons-137259078,primary_candidate,Derek Keats,Wikimedia Commons,"https://commons.wikimedia.org/wiki/File:Caracal_on_the_road,_early_morning_in_Kgalagadi_(36173878220)_(cropped).jpg",CC BY 2.0,https://creativecommons.org/licenses/by/2.0,"Caracal on the road, early morning in Kgalagadi (36173878220) (cropped) [Caracal caracal] — Derek Keats / Wikimedia Commons, CC BY 2.0 (https://creativecommons.org/licenses/by/2.0); source: https://commons.wikimedia.org/wiki/File:Caracal_on_the_road,_early_morning_in_Kgalagadi_(36173878220)_(cropped).jpg. Original attribution: flickr.com. Resized and re-encoded; no subject alteration."
Caracal caracal,カラカル,inat-44698847,primary_candidate,Shaun Swanepoel,iNaturalist,https://www.inaturalist.org/photos/44698847,CC BY 4.0,https://creativecommons.org/licenses/by/4.0/,"Caracal caracal [Caracal caracal] — Shaun Swanepoel / iNaturalist, CC BY 4.0 (https://creativecommons.org/licenses/by/4.0/); source: https://www.inaturalist.org/photos/44698847. Original attribution: (c) Shaun Swanepoel, some rights reserved (CC BY). Resized and re-encoded; no subject alteration."
Carassius auratus,キンギョ,commons-61364629,primary_candidate,לינה אבוגוש,Wikimedia Commons,https://commons.wikimedia.org/wiki/File:Gold_fish1.jpg,CC BY-SA 3.0,https://creativecommons.org/licenses/by-sa/3.0,"Gold fish1 [Carassius auratus] — לינה אבוגוש / Wikimedia Commons, CC BY-SA 3.0 (https://creativecommons.org/licenses/by-sa/3.0); source: https://commons.wikimedia.org/wiki/File:Gold_fish1.jpg. Original attribution: Own work. Resized and re-encoded; no subject alteration."
Carassius auratus,キンギョ,inat-247054696,supplementary_only,no rights reserved,iNaturalist,https://www.inaturalist.org/photos/247054696,CC0 1.0,https://creativecommons.org/publicdomain/zero/1.0/,"Carassius auratus [Carassius auratus] — no rights reserved / iNaturalist, CC0 1.0 (https://creativecommons.org/publicdomain/zero/1.0/); source: https://www.inaturalist.org/photos/247054696. Original attribution: no rights reserved. Resized and re-encoded; no subject alteration."
Carcharhinus leucas,オオメジロザメ,inat-208821915,supplementary_only,"Michael J. Gras, M.Ed.",iNaturalist,https://www.inaturalist.org/photos/208821915,CC BY 4.0,https://creativecommons.org/licenses/by/4.0/,"Carcharhinus leucas [Carcharhinus leucas] — Michael J. Gras, M.Ed. / iNaturalist, CC BY 4.0 (https://creativecommons.org/licenses/by/4.0/); source: https://www.inaturalist.org/photos/208821915. Original attribution: (c) Michael J. Gras, M.Ed., some rights reserved (CC BY). Resized and re-encoded; no subject alteration."
Carcharodon carcharias,ホホジロザメ,commons-1561215,primary_candidate,Pterantula (Terry Goss) at en.wikipedia,Wikimedia Commons,https://commons.wikimedia.org/wiki/File:White_shark.jpg,CC BY 2.5,https://creativecommons.org/licenses/by/2.5,"White shark [Carcharodon carcharias] — Pterantula (Terry Goss) at en.wikipedia / Wikimedia Commons, CC BY 2.5 (https://creativecommons.org/licenses/by/2.5); source: https://commons.wikimedia.org/wiki/File:White_shark.jpg. Original attribution: Terry Goss. Resized and re-encoded; no subject alteration."
Cardinalis cardinalis,ショウジョウコウカンチョウ,commons-115093761,primary_candidate,Rhododendrites,Wikimedia Commons,https://commons.wikimedia.org/wiki/File:Male_northern_cardinal_in_Central_Park_(52612).jpg,CC BY-SA 4.0,https://creativecommons.org/licenses/by-sa/4.0,"Male northern cardinal in Central Park (52612) [Cardinalis cardinalis] — Rhododendrites / Wikimedia Commons, CC BY-SA 4.0 (https://creativecommons.org/licenses/by-sa/4.0); source: https://commons.wikimedia.org/wiki/File:Male_northern_cardinal_in_Central_Park_(52612).jpg. Original attribution: Own work. Resized and re-encoded; no subject alteration."
Cardinalis cardinalis,ショウジョウコウカンチョウ,inat-517002723,primary_candidate,Daughter Dad,iNaturalist,https://www.inaturalist.org/photos/517002723,CC BY 4.0,https://creativecommons.org/licenses/by/4.0/,"Cardinalis cardinalis [Cardinalis cardinalis] — Daughter Dad / iNaturalist, CC BY 4.0 (https://creativecommons.org/licenses/by/4.0/); source: https://www.inaturalist.org/photos/517002723. Original attribution: (c) Daughter Dad, some rights reserved (CC BY). Resized and re-encoded; no subject alteration."
Caretta caretta,アカウミガメ,commons-10481668,supplementary_only,ukanda,Wikimedia Commons,https://commons.wikimedia.org/wiki/File:Loggerhead_sea_turtle.jpg,CC BY 2.0,https://creativecommons.org/licenses/by/2.0,"Loggerhead sea turtle [Caretta caretta] — ukanda / Wikimedia Commons, CC BY 2.0 (https://creativecommons.org/licenses/by/2.0); source: https://commons.wikimedia.org/wiki/File:Loggerhead_sea_turtle.jpg. Original attribution: originally posted to Flickr as Loggerhead turtle. Resized and re-encoded; no subject alteration."
Caretta caretta,アカウミガメ,inat-183028089,supplementary_only,Jan Ebr & Ivana Ebrová,iNaturalist,https://www.inaturalist.org/photos/183028089,CC BY 4.0,https://creativecommons.org/licenses/by/4.0/,"Caretta caretta [Caretta caretta] — Jan Ebr & Ivana Ebrová / iNaturalist, CC BY 4.0 (https://creativecommons.org/licenses/by/4.0/); source: https://www.inaturalist.org/photos/183028089. Original attribution: (c) Jan Ebr & Ivana Ebrová, some rights reserved (CC BY). Resized and re-encoded; no subject alteration."
Carnegiea gigantea,サワロサボテン,commons-53486726,primary_candidate,WClarke,Wikimedia Commons,"https://commons.wikimedia.org/wiki/File:Carnegiea_gigantea_in_Saguaro_National_Park_near_Tucson,_Arizona_during_November_(58).jpg",CC BY-SA 3.0,https://creativecommons.org/licenses/by-sa/3.0,"Carnegiea gigantea in Saguaro National Park near Tucson, Arizona during November (58) [Carnegiea gigantea] — WClarke / Wikimedia Commons, CC BY-SA 3.0 (https://creativecommons.org/licenses/by-sa/3.0); source: https://commons.wikimedia.org/wiki/File:Carnegiea_gigantea_in_Saguaro_National_Park_near_Tucson,_Arizona_during_November_(58).jpg. Original attribution: Own work. Resized and re-encoded; no subject alteration."
Carnegiea gigantea,サワロサボテン,inat-137635161,primary_candidate,Harrison J Elkins,iNaturalist,https://www.inaturalist.org/photos/137635161,CC BY 4.0,https://creativecommons.org/licenses/by/4.0/,"Carnegiea gigantea [Carnegiea gigantea] — Harrison J Elkins / iNaturalist, CC BY 4.0 (https://creativecommons.org/licenses/by/4.0/); source: https://www.inaturalist.org/photos/137635161. Original attribution: (c) Harrison J Elkins, some rights reserved (CC BY). Resized and re-encoded; no subject alteration."
Casuarius casuarius,ヒクイドリ,commons-48628990,primary_candidate,Summerdrought,Wikimedia Commons,https://commons.wikimedia.org/wiki/File:Southern_Cassowary_7071.jpg,CC BY-SA 4.0,https://creativecommons.org/licenses/by-sa/4.0,"Southern Cassowary 7071 [Casuarius casuarius] — Summerdrought / Wikimedia Commons, CC BY-SA 4.0 (https://creativecommons.org/licenses/by-sa/4.0); source: https://commons.wikimedia.org/wiki/File:Southern_Cassowary_7071.jpg. Original attribution: Own work. Resized and re-encoded; no subject alteration."
Casuarius casuarius,ヒクイドリ,inat-631309374,supplementary_only,Ian Allen,iNaturalist,https://www.inaturalist.org/photos/631309374,CC BY 4.0,https://creativecommons.org/licenses/by/4.0/,"Casuarius casuarius [Casuarius casuarius] — Ian Allen / iNaturalist, CC BY 4.0 (https://creativecommons.org/licenses/by/4.0/); source: https://www.inaturalist.org/photos/631309374. Original attribution: (c) Ian Allen, some rights reserved (CC BY). Resized and re-encoded; no subject alteration."
Cavia porcellus,モルモット,inat-322297295,primary_candidate,Kacper Aleksander,iNaturalist,https://www.inaturalist.org/photos/322297295,CC BY-SA 4.0,https://creativecommons.org/licenses/by-sa/4.0/,"Cavia porcellus [Cavia porcellus] — Kacper Aleksander / iNaturalist, CC BY-SA 4.0 (https://creativecommons.org/licenses/by-sa/4.0/); source: https://www.inaturalist.org/photos/322297295. Original attribution: (c) Kacper Aleksander, some rights reserved (CC BY-SA). Resized and re-encoded; no subject alteration."
Cebus capucinus,シロガオオマキザル,commons-10431796,primary_candidate,Postdlf,Wikimedia Commons,https://commons.wikimedia.org/wiki/File:Cebus_capucinus_at_the_Bronx_Zoo_001.jpg,CC BY-SA 3.0,https://creativecommons.org/licenses/by-sa/3.0/,"Cebus capucinus at the Bronx Zoo 001 [Cebus capucinus] — Postdlf / Wikimedia Commons, CC BY-SA 3.0 (https://creativecommons.org/licenses/by-sa/3.0/); source: https://commons.wikimedia.org/wiki/File:Cebus_capucinus_at_the_Bronx_Zoo_001.jpg. Original attribution: Postdlf. Resized and re-encoded; no subject alteration."
Ceiba pentandra,カポック,commons-20473335,primary_candidate,Klaus Schönitzer,Wikimedia Commons,https://commons.wikimedia.org/wiki/File:Panguana-Lupuna-2008-2.jpg,CC BY-SA 3.0,https://creativecommons.org/licenses/by-sa/3.0,"Panguana-Lupuna-2008-2 [Ceiba pentandra] — Klaus Schönitzer / Wikimedia Commons, CC BY-SA 3.0 (https://creativecommons.org/licenses/by-sa/3.0); source: https://commons.wikimedia.org/wiki/File:Panguana-Lupuna-2008-2.jpg. Original attribution: Own work. Resized and re-encoded; no subject alteration."
Ceiba pentandra,カポック,inat-32279278,primary_candidate,Manuel Ortiz,iNaturalist,https://www.inaturalist.org/photos/32279278,CC0 1.0,https://creativecommons.org/publicdomain/zero/1.0/,"Ceiba pentandra [Ceiba pentandra] — Manuel Ortiz / iNaturalist, CC0 1.0 (https://creativecommons.org/publicdomain/zero/1.0/); source: https://www.inaturalist.org/photos/32279278. Original attribution: no rights reserved, uploaded by Manuel Ortiz. Resized and re-encoded; no subject alteration."
Centrochelys sulcata,ケヅメリクガメ,commons-29316921,primary_candidate,John5199,Wikimedia Commons,https://commons.wikimedia.org/wiki/File:Sulcata_Tortoise_(5)_(8679964197).jpg,CC BY 2.0,https://creativecommons.org/licenses/by/2.0,"Sulcata Tortoise (5) (8679964197) [Centrochelys sulcata] — John5199 / Wikimedia Commons, CC BY 2.0 (https://creativecommons.org/licenses/by/2.0); source: https://commons.wikimedia.org/wiki/File:Sulcata_Tortoise_(5)_(8679964197).jpg. Original attribution: Sulcata Tortoise (5). Resized and re-encoded; no subject alteration."
Centrochelys sulcata,ケヅメリクガメ,inat-286883668,supplementary_only,Bernard DUPONT,iNaturalist,https://www.inaturalist.org/photos/286883668,CC BY-SA 4.0,https://creativecommons.org/licenses/by-sa/4.0/,"Centrochelys sulcata [Centrochelys sulcata] — Bernard DUPONT / iNaturalist, CC BY-SA 4.0 (https://creativecommons.org/licenses/by-sa/4.0/); source: https://www.inaturalist.org/photos/286883668. Original attribution: (c) Bernard DUPONT, some rights reserved (CC BY-SA). Resized and re-encoded; no subject alteration."
Ceratotherium simum,シロサイ,commons-180969499,primary_candidate,Giles Laurent,Wikimedia Commons,https://commons.wikimedia.org/wiki/File:109_Male_White_rhinoceros_walking_in_the_Kalahari_Desert_of_Namibia_Photo_by_Giles_Laurent.jpg,CC BY-SA 4.0,https://creativecommons.org/licenses/by-sa/4.0,"109 Male White rhinoceros walking in the Kalahari Desert of Namibia Photo by Giles Laurent [Ceratotherium simum] — Giles Laurent / Wikimedia Commons, CC BY-SA 4.0 (https://creativecommons.org/licenses/by-sa/4.0); source: https://commons.wikimedia.org/wiki/File:109_Male_White_rhinoceros_walking_in_the_Kalahari_Desert_of_Namibia_Photo_by_Giles_Laurent.jpg. Original attribution: Own work. Resized and re-encoded; no subject alteration."
Ceratotherium simum,シロサイ,inat-526914573,primary_candidate,Tom Field,iNaturalist,https://www.inaturalist.org/photos/526914573,CC BY 4.0,https://creativecommons.org/licenses/by/4.0/,"Ceratotherium simum [Ceratotherium simum] — Tom Field / iNaturalist, CC BY 4.0 (https://creativecommons.org/licenses/by/4.0/); source: https://www.inaturalist.org/photos/526914573. Original attribution: (c) Tom Field, some rights reserved (CC BY). Resized and re-encoded; no subject alteration."
Cervus elaphus,アカシカ,commons-16566391,primary_candidate,Lviatour,Wikimedia Commons,https://commons.wikimedia.org/wiki/File:Cervus_elaphus_Luc_Viatour_6.jpg,CC BY-SA 3.0,https://creativecommons.org/licenses/by-sa/3.0,"Cervus elaphus Luc Viatour 6 [Cervus elaphus] — Lviatour / Wikimedia Commons, CC BY-SA 3.0 (https://creativecommons.org/licenses/by-sa/3.0); source: https://commons.wikimedia.org/wiki/File:Cervus_elaphus_Luc_Viatour_6.jpg. Original attribution: Own work. Resized and re-encoded; no subject alteration."
Cervus elaphus,アカシカ,inat-455676125,supplementary_only,Diego González Dopico,iNaturalist,https://www.inaturalist.org/photos/455676125,CC BY 4.0,https://creativecommons.org/licenses/by/4.0/,"Cervus elaphus [Cervus elaphus] — Diego González Dopico / iNaturalist, CC BY 4.0 (https://creativecommons.org/licenses/by/4.0/); source: https://www.inaturalist.org/photos/455676125. Original attribution: (c) Diego González Dopico, some rights reserved (CC BY). Resized and re-encoded; no subject alteration."
Cetorhinus maximus,ウバザメ,inat-204425017,primary_candidate,Sandra Keller,iNaturalist,https://www.inaturalist.org/photos/204425017,CC BY 4.0,https://creativecommons.org/licenses/by/4.0/,"Cetorhinus maximus [Cetorhinus maximus] — Sandra Keller / iNaturalist, CC BY 4.0 (https://creativecommons.org/licenses/by/4.0/); source: https://www.inaturalist.org/photos/204425017. Original attribution: (c) Sandra Keller, some rights reserved (CC BY). Resized and re-encoded; no subject alteration."
Chamaeleo calyptratus,エボシカメレオン,commons-4413274,primary_candidate,Kupos,Wikimedia Commons,https://commons.wikimedia.org/wiki/File:Yemen_Chameleon.jpg,CC BY-SA 3.0,https://creativecommons.org/licenses/by-sa/3.0,"Yemen Chameleon [Chamaeleo calyptratus] — Kupos / Wikimedia Commons, CC BY-SA 3.0 (https://creativecommons.org/licenses/by-sa/3.0); source: https://commons.wikimedia.org/wiki/File:Yemen_Chameleon.jpg. Original attribution: Own work. Resized and re-encoded; no subject alteration."
Chamaeleo calyptratus,エボシカメレオン,inat-729922323,primary_candidate,no rights reserved,iNaturalist,https://www.inaturalist.org/photos/729922323,CC0 1.0,https://creativecommons.org/publicdomain/zero/1.0/,"Chamaeleo calyptratus [Chamaeleo calyptratus] — no rights reserved / iNaturalist, CC0 1.0 (https://creativecommons.org/publicdomain/zero/1.0/); source: https://www.inaturalist.org/photos/729922323. Original attribution: no rights reserved. Resized and re-encoded; no subject alteration."
Chelonia mydas,アオウミガメ,commons-155815572,primary_candidate,Charles J. Sharp,Wikimedia Commons,https://commons.wikimedia.org/wiki/File:Green_sea_turtle_(Chelonia_mydas)_Moorea.jpg,CC BY-SA 4.0,https://creativecommons.org/licenses/by-sa/4.0,"Green sea turtle (Chelonia mydas) Moorea [Chelonia mydas] — Charles J. Sharp / Wikimedia Commons, CC BY-SA 4.0 (https://creativecommons.org/licenses/by-sa/4.0); source: https://commons.wikimedia.org/wiki/File:Green_sea_turtle_(Chelonia_mydas)_Moorea.jpg. Original attribution: Own work , from Sharp Photography, sharpphotography.co.uk. Resized and re-encoded; no subject alteration."
Chelonia mydas,アオウミガメ,inat-226920324,supplementary_only,Kyle Van Houtan,iNaturalist,https://www.inaturalist.org/photos/226920324,CC BY 4.0,https://creativecommons.org/licenses/by/4.0/,"Chelonia mydas [Chelonia mydas] — Kyle Van Houtan / iNaturalist, CC BY 4.0 (https://creativecommons.org/licenses/by/4.0/); source: https://www.inaturalist.org/photos/226920324. Original attribution: (c) Kyle Van Houtan, some rights reserved (CC BY). Resized and re-encoded; no subject alteration."
Chelonoidis niger,ガラパゴスゾウガメ,commons-4210424,primary_candidate,"Mfield , Matthew Field, http://www.photography.mattfield.com",Wikimedia Commons,https://commons.wikimedia.org/wiki/File:Galapagos_giant_tortoise_Geochelone_elephantopus.jpg,CC BY-SA 3.0,https://creativecommons.org/licenses/by-sa/3.0,"Galapagos giant tortoise Geochelone elephantopus [Chelonoidis niger] — Mfield , Matthew Field, http://www.photography.mattfield.com / Wikimedia Commons, CC BY-SA 3.0 (https://creativecommons.org/licenses/by-sa/3.0); source: https://commons.wikimedia.org/wiki/File:Galapagos_giant_tortoise_Geochelone_elephantopus.jpg. Original attribution: Own work. Resized and re-encoded; no subject alteration."
Chelonoidis niger,ガラパゴスゾウガメ,inat-37748207,primary_candidate,John G. Phillips,iNaturalist,https://www.inaturalist.org/photos/37748207,CC BY 4.0,https://creativecommons.org/licenses/by/4.0/,"Chelonoidis niger [Chelonoidis niger] — John G. Phillips / iNaturalist, CC BY 4.0 (https://creativecommons.org/licenses/by/4.0/); source: https://www.inaturalist.org/photos/37748207. Original attribution: (c) John G. Phillips, some rights reserved (CC BY), uploaded by John G. Phillips. Resized and re-encoded; no subject alteration."
Chiloscyllium punctatum,イヌザメ,commons-27317530,supplementary_only,"Tony Hisgett from Birmingham, UK",Wikimedia Commons,https://commons.wikimedia.org/wiki/File:Brownbanded_Bambooshark_(5729957195).jpg,CC BY 2.0,https://creativecommons.org/licenses/by/2.0,"Brownbanded Bambooshark (5729957195) [Chiloscyllium punctatum] — Tony Hisgett from Birmingham, UK / Wikimedia Commons, CC BY 2.0 (https://creativecommons.org/licenses/by/2.0); source: https://commons.wikimedia.org/wiki/File:Brownbanded_Bambooshark_(5729957195).jpg. Original attribution: Brownbanded Bambooshark Uploaded by tm. Resized and re-encoded; no subject alteration."
Chiloscyllium punctatum,イヌザメ,inat-660581567,primary_candidate,no rights reserved,iNaturalist,https://www.inaturalist.org/photos/660581567,CC0 1.0,https://creativecommons.org/publicdomain/zero/1.0/,"Chiloscyllium punctatum [Chiloscyllium punctatum] — no rights reserved / iNaturalist, CC0 1.0 (https://creativecommons.org/publicdomain/zero/1.0/); source: https://www.inaturalist.org/photos/660581567. Original attribution: no rights reserved. Resized and re-encoded; no subject alteration."
Choloepus hoffmanni,ホフマンナマケモノ,commons-13267562,primary_candidate,Jsfouche,Wikimedia Commons,https://commons.wikimedia.org/wiki/File:2_toed_sloth.jpg,CC BY-SA 3.0,https://creativecommons.org/licenses/by-sa/3.0,"2 toed sloth [Choloepus hoffmanni] — Jsfouche / Wikimedia Commons, CC BY-SA 3.0 (https://creativecommons.org/licenses/by-sa/3.0); source: https://commons.wikimedia.org/wiki/File:2_toed_sloth.jpg. Original attribution: Own work. Resized and re-encoded; no subject alteration."
Choloepus hoffmanni,ホフマンナマケモノ,inat-295073190,supplementary_only,no rights reserved,iNaturalist,https://www.inaturalist.org/photos/295073190,CC0 1.0,https://creativecommons.org/publicdomain/zero/1.0/,"Choloepus hoffmanni [Choloepus hoffmanni] — no rights reserved / iNaturalist, CC0 1.0 (https://creativecommons.org/publicdomain/zero/1.0/); source: https://www.inaturalist.org/photos/295073190. Original attribution: no rights reserved. Resized and re-encoded; no subject alteration."
Chondrus crispus,アイリッシュモス,inat-417420488,supplementary_only,no rights reserved,iNaturalist,https://www.inaturalist.org/photos/417420488,CC0 1.0,https://creativecommons.org/publicdomain/zero/1.0/,"Chondrus crispus [Chondrus crispus] — no rights reserved / iNaturalist, CC0 1.0 (https://creativecommons.org/publicdomain/zero/1.0/); source: https://www.inaturalist.org/photos/417420488. Original attribution: no rights reserved. Resized and re-encoded; no subject alteration."
Cicer arietinum,ヒヨコマメ,inat-326896969,primary_candidate,Mirko Duimich,iNaturalist,https://www.inaturalist.org/photos/326896969,CC BY 4.0,https://creativecommons.org/licenses/by/4.0/,"Cicer arietinum [Cicer arietinum] — Mirko Duimich / iNaturalist, CC BY 4.0 (https://creativecommons.org/licenses/by/4.0/); source: https://www.inaturalist.org/photos/326896969. Original attribution: (c) Mirko Duimich, some rights reserved (CC BY). Resized and re-encoded; no subject alteration."
Ciona intestinalis,カタユウレイボヤ（狭義）,commons-1771320,primary_candidate,perezoso,Wikimedia Commons,https://commons.wikimedia.org/wiki/File:Cionaintestinalis.jpg,CC BY-SA 3.0,https://creativecommons.org/licenses/by-sa/3.0/,"Cionaintestinalis [Ciona intestinalis] — perezoso / Wikimedia Commons, CC BY-SA 3.0 (https://creativecommons.org/licenses/by-sa/3.0/); source: https://commons.wikimedia.org/wiki/File:Cionaintestinalis.jpg. Original attribution: Self-photographed. Resized and re-encoded; no subject alteration."
Ciona intestinalis,カタユウレイボヤ（狭義）,inat-165376311,primary_candidate,no rights reserved,iNaturalist,https://www.inaturalist.org/photos/165376311,CC0 1.0,https://creativecommons.org/publicdomain/zero/1.0/,"Ciona intestinalis [Ciona intestinalis] — no rights reserved / iNaturalist, CC0 1.0 (https://creativecommons.org/publicdomain/zero/1.0/); source: https://www.inaturalist.org/photos/165376311. Original attribution: no rights reserved. Resized and re-encoded; no subject alteration."
Claviceps purpurea,麦角菌,commons-96449852,supplementary_only,Alexis,Wikimedia Commons,https://commons.wikimedia.org/wiki/File:Claviceps_purpurea_71430491.jpg,CC BY 4.0,https://creativecommons.org/licenses/by/4.0,"Claviceps purpurea 71430491 [Claviceps purpurea] — Alexis / Wikimedia Commons, CC BY 4.0 (https://creativecommons.org/licenses/by/4.0); source: https://commons.wikimedia.org/wiki/File:Claviceps_purpurea_71430491.jpg. Original attribution: https://www.inaturalist.org/photos/71430491. Resized and re-encoded; no subject alteration."
Clupea harengus,タイセイヨウニシン,inat-420893815,primary_candidate,no rights reserved,iNaturalist,https://www.inaturalist.org/photos/420893815,CC0 1.0,https://creativecommons.org/publicdomain/zero/1.0/,"Clupea harengus [Clupea harengus] — no rights reserved / iNaturalist, CC0 1.0 (https://creativecommons.org/publicdomain/zero/1.0/); source: https://www.inaturalist.org/photos/420893815. Original attribution: no rights reserved. Resized and re-encoded; no subject alteration."
Coccinella septempunctata,ナナホシテントウ,commons-35283266,primary_candidate,Photographer: Dominik Stodulski Graphic Processing: User:MathKnight,Wikimedia Commons,https://commons.wikimedia.org/wiki/File:7-Spotted-Ladybug-Coccinella-septempunctata-sq1.jpg,CC BY-SA 3.0,https://creativecommons.org/licenses/by-sa/3.0,"7-Spotted-Ladybug-Coccinella-septempunctata-sq1 [Coccinella septempunctata] — Photographer: Dominik Stodulski Graphic Processing: User:MathKnight / Wikimedia Commons, CC BY-SA 3.0 (https://creativecommons.org/licenses/by-sa/3.0); source: https://commons.wikimedia.org/wiki/File:7-Spotted-Ladybug-Coccinella-septempunctata-sq1.jpg. Original attribution: File:BIEDRONA.JPG in WikiCommons. Resized and re-encoded; no subject alteration."
Coccinella septempunctata,ナナホシテントウ,inat-162226101,supplementary_only,Anna Petrosyan,iNaturalist,https://www.inaturalist.org/photos/162226101,CC BY 4.0,https://creativecommons.org/licenses/by/4.0/,"Coccinella septempunctata [Coccinella septempunctata] — Anna Petrosyan / iNaturalist, CC BY 4.0 (https://creativecommons.org/licenses/by/4.0/); source: https://www.inaturalist.org/photos/162226101. Original attribution: (c) Anna Petrosyan, some rights reserved (CC BY). Resized and re-encoded; no subject alteration."
Cocos nucifera,ココヤシ,inat-103610074,primary_candidate,David Anderson,iNaturalist,https://www.inaturalist.org/photos/103610074,CC BY 4.0,https://creativecommons.org/licenses/by/4.0/,"Cocos nucifera [Cocos nucifera] — David Anderson / iNaturalist, CC BY 4.0 (https://creativecommons.org/licenses/by/4.0/); source: https://www.inaturalist.org/photos/103610074. Original attribution: (c) David Anderson, some rights reserved (CC BY). Resized and re-encoded; no subject alteration."
Coffea arabica,アラビカコーヒーノキ,commons-85360,supplementary_only,Marcelo Corrêa,Wikimedia Commons,https://commons.wikimedia.org/wiki/File:Coffee_Flowers.JPG,CC BY-SA 3.0,https://creativecommons.org/licenses/by-sa/3.0/,"Coffee Flowers [Coffea arabica] — Marcelo Corrêa / Wikimedia Commons, CC BY-SA 3.0 (https://creativecommons.org/licenses/by-sa/3.0/); source: https://commons.wikimedia.org/wiki/File:Coffee_Flowers.JPG. Original attribution: Own work. Resized and re-encoded; no subject alteration."
Coffea arabica,アラビカコーヒーノキ,inat-480261781,primary_candidate,no rights reserved,iNaturalist,https://www.inaturalist.org/photos/480261781,CC0 1.0,https://creativecommons.org/publicdomain/zero/1.0/,"Coffea arabica [Coffea arabica] — no rights reserved / iNaturalist, CC0 1.0 (https://creativecommons.org/publicdomain/zero/1.0/); source: https://www.inaturalist.org/photos/480261781. Original attribution: no rights reserved. Resized and re-encoded; no subject alteration."
Columba livia,カワラバト,commons-182057104,primary_candidate,william_stephens,Wikimedia Commons,"https://commons.wikimedia.org/wiki/File:Columba_livia_(Rock_Dove,_wild),_Duncansby_Head,_Caithness,_Scotland_1.jpg",CC BY 4.0,https://creativecommons.org/licenses/by/4.0,"Columba livia (Rock Dove, wild), Duncansby Head, Caithness, Scotland 1 [Columba livia] — william_stephens / Wikimedia Commons, CC BY 4.0 (https://creativecommons.org/licenses/by/4.0); source: https://commons.wikimedia.org/wiki/File:Columba_livia_(Rock_Dove,_wild),_Duncansby_Head,_Caithness,_Scotland_1.jpg. Original attribution: https://www.inaturalist.org/photos/200458574. Resized and re-encoded; no subject alteration."
Columba livia,カワラバト,inat-466776975,primary_candidate,Birds of Gilgit-Baltistan,iNaturalist,https://www.inaturalist.org/photos/466776975,CC BY-SA 4.0,https://creativecommons.org/licenses/by-sa/4.0/,"Columba livia [Columba livia] — Birds of Gilgit-Baltistan / iNaturalist, CC BY-SA 4.0 (https://creativecommons.org/licenses/by-sa/4.0/); source: https://www.inaturalist.org/photos/466776975. Original attribution: (c) Birds of Gilgit-Baltistan, some rights reserved (CC BY-SA). Resized and re-encoded; no subject alteration."
Connochaetes taurinus,オグロヌー,inat-143660497,primary_candidate,no rights reserved,iNaturalist,https://www.inaturalist.org/photos/143660497,CC0 1.0,https://creativecommons.org/publicdomain/zero/1.0/,"Connochaetes taurinus [Connochaetes taurinus] — no rights reserved / iNaturalist, CC0 1.0 (https://creativecommons.org/publicdomain/zero/1.0/); source: https://www.inaturalist.org/photos/143660497. Original attribution: no rights reserved. Resized and re-encoded; no subject alteration."
Conraua goliath,ゴライアスガエル,commons-182455358,supplementary_only,jeanlouisamiet,Wikimedia Commons,https://commons.wikimedia.org/wiki/File:Conraua_goliath_photo_from_iNaturalist_539752953.jpg,CC BY 4.0,https://creativecommons.org/licenses/by/4.0,"Conraua goliath photo from iNaturalist 539752953 [Conraua goliath] — jeanlouisamiet / Wikimedia Commons, CC BY 4.0 (https://creativecommons.org/licenses/by/4.0); source: https://commons.wikimedia.org/wiki/File:Conraua_goliath_photo_from_iNaturalist_539752953.jpg. Original attribution: https://www.inaturalist.org/photos/539752953. Resized and re-encoded; no subject alteration."
Coptotermes formosanus,イエシロアリ,inat-39817844,primary_candidate,Tyler Bishop,iNaturalist,https://www.inaturalist.org/photos/39817844,CC BY 4.0,https://creativecommons.org/licenses/by/4.0/,"Coptotermes formosanus [Coptotermes formosanus] — Tyler Bishop / iNaturalist, CC BY 4.0 (https://creativecommons.org/licenses/by/4.0/); source: https://www.inaturalist.org/photos/39817844. Original attribution: (c) Tyler Bishop, some rights reserved (CC BY). Resized and re-encoded; no subject alteration."
Corallina officinalis,サンゴモ・オフィキナリス,inat-202533904,supplementary_only,no rights reserved,iNaturalist,https://www.inaturalist.org/photos/202533904,CC0 1.0,https://creativecommons.org/publicdomain/zero/1.0/,"Corallina officinalis [Corallina officinalis] — no rights reserved / iNaturalist, CC0 1.0 (https://creativecommons.org/publicdomain/zero/1.0/); source: https://www.inaturalist.org/photos/202533904. Original attribution: no rights reserved. Resized and re-encoded; no subject alteration."
Corvus brachyrhynchos,アメリカガラス,inat-53516042,primary_candidate,no rights reserved,iNaturalist,https://www.inaturalist.org/photos/53516042,CC0 1.0,https://creativecommons.org/publicdomain/zero/1.0/,"Corvus brachyrhynchos [Corvus brachyrhynchos] — no rights reserved / iNaturalist, CC0 1.0 (https://creativecommons.org/publicdomain/zero/1.0/); source: https://www.inaturalist.org/photos/53516042. Original attribution: no rights reserved. Resized and re-encoded; no subject alteration."
Corvus corax,ワタリガラス,commons-67792700,primary_candidate,Frank Schulenburg,Wikimedia Commons,"https://commons.wikimedia.org/wiki/File:Corvus_corax_clarionensis,_Point_Reyes_National_Seashore.jpg",CC BY-SA 4.0,https://creativecommons.org/licenses/by-sa/4.0,"Corvus corax clarionensis, Point Reyes National Seashore [Corvus corax] — Frank Schulenburg / Wikimedia Commons, CC BY-SA 4.0 (https://creativecommons.org/licenses/by-sa/4.0); source: https://commons.wikimedia.org/wiki/File:Corvus_corax_clarionensis,_Point_Reyes_National_Seashore.jpg. Original attribution: © Frank Schulenburg. Resized and re-encoded; no subject alteration."
Corvus corax,ワタリガラス,inat-381522855,supplementary_only,Mila C.,iNaturalist,https://www.inaturalist.org/photos/381522855,CC BY 4.0,https://creativecommons.org/licenses/by/4.0/,"Corvus corax [Corvus corax] — Mila C. / iNaturalist, CC BY 4.0 (https://creativecommons.org/licenses/by/4.0/); source: https://www.inaturalist.org/photos/381522855. Original attribution: (c) Mila C., some rights reserved (CC BY). Resized and re-encoded; no subject alteration."
Crassostrea gigas,マガキ,commons-6532908,supplementary_only,No machine-readable author provided. BetacommandBot assumed (based on copyright claims).,Wikimedia Commons,https://commons.wikimedia.org/wiki/File:Crassostrea_gigas_p1040847.jpg,CC BY-SA 3.0,https://creativecommons.org/licenses/by-sa/3.0/,"Crassostrea gigas p1040847 [Crassostrea gigas] — No machine-readable author provided. BetacommandBot assumed (based on copyright claims). / Wikimedia Commons, CC BY-SA 3.0 (https://creativecommons.org/licenses/by-sa/3.0/); source: https://commons.wikimedia.org/wiki/File:Crassostrea_gigas_p1040847.jpg. Original attribution: David.Monniaux. Resized and re-encoded; no subject alteration."
Crocodylus niloticus,ナイルワニ,commons-66978,primary_candidate,Dewet,Wikimedia Commons,https://commons.wikimedia.org/wiki/File:NileCrocodile.jpg,CC BY-SA 2.0,https://creativecommons.org/licenses/by-sa/2.0,"NileCrocodile [Crocodylus niloticus] — Dewet / Wikimedia Commons, CC BY-SA 2.0 (https://creativecommons.org/licenses/by-sa/2.0); source: https://commons.wikimedia.org/wiki/File:NileCrocodile.jpg. Original attribution: Own work. Resized and re-encoded; no subject alteration."
Crocodylus niloticus,ナイルワニ,inat-107830399,primary_candidate,no rights reserved,iNaturalist,https://www.inaturalist.org/photos/107830399,CC0 1.0,https://creativecommons.org/publicdomain/zero/1.0/,"Crocodylus niloticus [Crocodylus niloticus] — no rights reserved / iNaturalist, CC0 1.0 (https://creativecommons.org/publicdomain/zero/1.0/); source: https://www.inaturalist.org/photos/107830399. Original attribution: no rights reserved. Resized and re-encoded; no subject alteration."
Crocodylus porosus,イリエワニ,inat-22073105,primary_candidate,no rights reserved,iNaturalist,https://www.inaturalist.org/photos/22073105,CC0 1.0,https://creativecommons.org/publicdomain/zero/1.0/,"Crocodylus porosus [Crocodylus porosus] — no rights reserved / iNaturalist, CC0 1.0 (https://creativecommons.org/publicdomain/zero/1.0/); source: https://www.inaturalist.org/photos/22073105. Original attribution: no rights reserved. Resized and re-encoded; no subject alteration."
Crocuta crocuta,ブチハイエナ,commons-68094356,primary_candidate,Charles J. Sharp,Wikimedia Commons,https://commons.wikimedia.org/wiki/File:Spotted_hyena_(Crocuta_crocuta).jpg,CC BY-SA 4.0,https://creativecommons.org/licenses/by-sa/4.0,"Spotted hyena (Crocuta crocuta) [Crocuta crocuta] — Charles J. Sharp / Wikimedia Commons, CC BY-SA 4.0 (https://creativecommons.org/licenses/by-sa/4.0); source: https://commons.wikimedia.org/wiki/File:Spotted_hyena_(Crocuta_crocuta).jpg. Original attribution: Own work , from Sharp Photography, sharpphotography.co.uk. Resized and re-encoded; no subject alteration."
Crocuta crocuta,ブチハイエナ,inat-123762771,supplementary_only,Amelia Tauber,iNaturalist,https://www.inaturalist.org/photos/123762771,CC BY 4.0,https://creativecommons.org/licenses/by/4.0/,"Crocuta crocuta [Crocuta crocuta] — Amelia Tauber / iNaturalist, CC BY 4.0 (https://creativecommons.org/licenses/by/4.0/); source: https://www.inaturalist.org/photos/123762771. Original attribution: (c) Amelia Tauber, some rights reserved (CC BY). Resized and re-encoded; no subject alteration."
Crotalus atrox,ニシダイヤガラガラヘビ,commons-75251850,primary_candidate,Holger Krisp,Wikimedia Commons,https://commons.wikimedia.org/wiki/File:(Westliche_Diamantklapperschlange)_Crotalus_atrox.jpg,CC BY 3.0,https://creativecommons.org/licenses/by/3.0,"(Westliche Diamantklapperschlange) Crotalus atrox [Crotalus atrox] — Holger Krisp / Wikimedia Commons, CC BY 3.0 (https://creativecommons.org/licenses/by/3.0); source: https://commons.wikimedia.org/wiki/File:(Westliche_Diamantklapperschlange)_Crotalus_atrox.jpg. Original attribution: Own work. Resized and re-encoded; no subject alteration."
Crotalus atrox,ニシダイヤガラガラヘビ,inat-421927710,primary_candidate,no rights reserved,iNaturalist,https://www.inaturalist.org/photos/421927710,CC0 1.0,https://creativecommons.org/publicdomain/zero/1.0/,"Crotalus atrox [Crotalus atrox] — no rights reserved / iNaturalist, CC0 1.0 (https://creativecommons.org/publicdomain/zero/1.0/); source: https://www.inaturalist.org/photos/421927710. Original attribution: no rights reserved. Resized and re-encoded; no subject alteration."
Cryptobranchus alleganiensis,アメリカオオサンショウウオ,commons-10786308,primary_candidate,Brian Gratwicke,Wikimedia Commons,https://commons.wikimedia.org/wiki/File:Hellbender.jpg,CC BY 2.0,https://creativecommons.org/licenses/by/2.0,"Hellbender [Cryptobranchus alleganiensis] — Brian Gratwicke / Wikimedia Commons, CC BY 2.0 (https://creativecommons.org/licenses/by/2.0); source: https://commons.wikimedia.org/wiki/File:Hellbender.jpg. Original attribution: originally posted to Flickr as Hellbender. Resized and re-encoded; no subject alteration."
Cryptobranchus alleganiensis,アメリカオオサンショウウオ,inat-545660283,supplementary_only,Dominic,iNaturalist,https://www.inaturalist.org/photos/545660283,CC BY 4.0,https://creativecommons.org/licenses/by/4.0/,"Cryptobranchus alleganiensis [Cryptobranchus alleganiensis] — Dominic / iNaturalist, CC BY 4.0 (https://creativecommons.org/licenses/by/4.0/); source: https://www.inaturalist.org/photos/545660283. Original attribution: (c) Dominic, some rights reserved (CC BY). Resized and re-encoded; no subject alteration."
Cryptococcus neoformans,クリプトコックス・ネオフォルマンス,commons-74897601,supplementary_only,Persian Microbiologist,Wikimedia Commons,"https://commons.wikimedia.org/wiki/File:Cryptococcus_neoformans_,capsul,India_ink.jpg",CC BY-SA 4.0,https://creativecommons.org/licenses/by-sa/4.0,"Cryptococcus neoformans ,capsul,India ink [Cryptococcus neoformans] — Persian Microbiologist / Wikimedia Commons, CC BY-SA 4.0 (https://creativecommons.org/licenses/by-sa/4.0); source: https://commons.wikimedia.org/wiki/File:Cryptococcus_neoformans_,capsul,India_ink.jpg. Original attribution: Own work. Resized and re-encoded; no subject alteration."
Cuon alpinus,ドール,commons-83417281,primary_candidate,Davidvraju,Wikimedia Commons,https://commons.wikimedia.org/wiki/File:Dhole_(Asiatic_wild_dog)_cropped.jpg,CC BY-SA 4.0,https://creativecommons.org/licenses/by-sa/4.0,"Dhole (Asiatic wild dog) cropped [Cuon alpinus] — Davidvraju / Wikimedia Commons, CC BY-SA 4.0 (https://creativecommons.org/licenses/by-sa/4.0); source: https://commons.wikimedia.org/wiki/File:Dhole_(Asiatic_wild_dog)_cropped.jpg. Original attribution: [1]. Resized and re-encoded; no subject alteration."
Cuon alpinus,ドール,inat-224605535,primary_candidate,Morten Ross,iNaturalist,https://www.inaturalist.org/photos/224605535,CC BY 4.0,https://creativecommons.org/licenses/by/4.0/,"Cuon alpinus [Cuon alpinus] — Morten Ross / iNaturalist, CC BY 4.0 (https://creativecommons.org/licenses/by/4.0/); source: https://www.inaturalist.org/photos/224605535. Original attribution: (c) Morten Ross, some rights reserved (CC BY). Resized and re-encoded; no subject alteration."
Cyanea capillata,キタユウレイクラゲ,inat-557514597,primary_candidate,no rights reserved,iNaturalist,https://www.inaturalist.org/photos/557514597,CC0 1.0,https://creativecommons.org/publicdomain/zero/1.0/,"Cyanea capillata [Cyanea capillata] — no rights reserved / iNaturalist, CC0 1.0 (https://creativecommons.org/publicdomain/zero/1.0/); source: https://www.inaturalist.org/photos/557514597. Original attribution: no rights reserved. Resized and re-encoded; no subject alteration."
Cyanocitta cristata,アオカケス,commons-103770921,primary_candidate,Rhododendrites,Wikimedia Commons,https://commons.wikimedia.org/wiki/File:Blue_jay_in_PP_(30960).jpg,CC BY-SA 4.0,https://creativecommons.org/licenses/by-sa/4.0,"Blue jay in PP (30960) [Cyanocitta cristata] — Rhododendrites / Wikimedia Commons, CC BY-SA 4.0 (https://creativecommons.org/licenses/by-sa/4.0); source: https://commons.wikimedia.org/wiki/File:Blue_jay_in_PP_(30960).jpg. Original attribution: Own work. Resized and re-encoded; no subject alteration."
Cyanocitta cristata,アオカケス,inat-530721418,primary_candidate,Judy Gallagher,iNaturalist,https://www.inaturalist.org/photos/530721418,CC BY 4.0,https://creativecommons.org/licenses/by/4.0/,"Cyanocitta cristata [Cyanocitta cristata] — Judy Gallagher / iNaturalist, CC BY 4.0 (https://creativecommons.org/licenses/by/4.0/); source: https://www.inaturalist.org/photos/530721418. Original attribution: (c) Judy Gallagher, some rights reserved (CC BY). Resized and re-encoded; no subject alteration."
Cyathea spinulosa,ヘゴ,commons-3967096,primary_candidate,self,Wikimedia Commons,https://commons.wikimedia.org/wiki/File:Cyathea_spinulosa.jpg,CC BY 3.0,https://creativecommons.org/licenses/by/3.0,"Cyathea spinulosa [Cyathea spinulosa] — self / Wikimedia Commons, CC BY 3.0 (https://creativecommons.org/licenses/by/3.0); source: https://commons.wikimedia.org/wiki/File:Cyathea_spinulosa.jpg. Original attribution: Own work. Resized and re-encoded; no subject alteration."
Cycas revoluta,ソテツ,inat-431290635,primary_candidate,no rights reserved,iNaturalist,https://www.inaturalist.org/photos/431290635,CC0 1.0,https://creativecommons.org/publicdomain/zero/1.0/,"Cycas revoluta [Cycas revoluta] — no rights reserved / iNaturalist, CC0 1.0 (https://creativecommons.org/publicdomain/zero/1.0/); source: https://www.inaturalist.org/photos/431290635. Original attribution: no rights reserved. Resized and re-encoded; no subject alteration."
Cygnus olor,コブハクチョウ,commons-3019282,primary_candidate,Sanchezn,Wikimedia Commons,https://commons.wikimedia.org/wiki/File:CygneVaires.jpg,CC BY-SA 3.0,https://creativecommons.org/licenses/by-sa/3.0,"CygneVaires [Cygnus olor] — Sanchezn / Wikimedia Commons, CC BY-SA 3.0 (https://creativecommons.org/licenses/by-sa/3.0); source: https://commons.wikimedia.org/wiki/File:CygneVaires.jpg. Original attribution: Own work. Resized and re-encoded; no subject alteration."
Cyprinus carpio,コイ,commons-77657476,primary_candidate,George Chernilevsky,Wikimedia Commons,https://commons.wikimedia.org/wiki/File:Cyprinus_carpio_2008_G1_(cropped).jpg,CC BY-SA 3.0,https://creativecommons.org/licenses/by-sa/3.0,"Cyprinus carpio 2008 G1 (cropped) [Cyprinus carpio] — George Chernilevsky / Wikimedia Commons, CC BY-SA 3.0 (https://creativecommons.org/licenses/by-sa/3.0); source: https://commons.wikimedia.org/wiki/File:Cyprinus_carpio_2008_G1_(cropped).jpg. Original attribution: Own work. Resized and re-encoded; no subject alteration."
Cyprinus carpio,コイ,inat-396074163,supplementary_only,no rights reserved,iNaturalist,https://www.inaturalist.org/photos/396074163,CC0 1.0,https://creativecommons.org/publicdomain/zero/1.0/,"Cyprinus carpio [Cyprinus carpio] — no rights reserved / iNaturalist, CC0 1.0 (https://creativecommons.org/publicdomain/zero/1.0/); source: https://www.inaturalist.org/photos/396074163. Original attribution: no rights reserved. Resized and re-encoded; no subject alteration."
Dacelo novaeguineae,ワライカワセミ,commons-178871455,primary_candidate,Photo by: Paulweberphoto - paulweberphoto.com,Wikimedia Commons,https://commons.wikimedia.org/wiki/File:Laughing_Kookaburra_1.jpg,CC BY 4.0,https://creativecommons.org/licenses/by/4.0,"Laughing Kookaburra 1 [Dacelo novaeguineae] — Photo by: Paulweberphoto - paulweberphoto.com / Wikimedia Commons, CC BY 4.0 (https://creativecommons.org/licenses/by/4.0); source: https://commons.wikimedia.org/wiki/File:Laughing_Kookaburra_1.jpg. Original attribution: Own work. Resized and re-encoded; no subject alteration."
Dacelo novaeguineae,ワライカワセミ,inat-353967913,primary_candidate,Sockrosma,iNaturalist,https://www.inaturalist.org/photos/353967913,CC BY 4.0,https://creativecommons.org/licenses/by/4.0/,"Dacelo novaeguineae [Dacelo novaeguineae] — Sockrosma / iNaturalist, CC BY 4.0 (https://creativecommons.org/licenses/by/4.0/); source: https://www.inaturalist.org/photos/353967913. Original attribution: (c) Sockrosma, some rights reserved (CC BY). Resized and re-encoded; no subject alteration."
Danaus plexippus,オオカバマダラ,inat-169360078,primary_candidate,no rights reserved,iNaturalist,https://www.inaturalist.org/photos/169360078,CC0 1.0,https://creativecommons.org/publicdomain/zero/1.0/,"Danaus plexippus [Danaus plexippus] — no rights reserved / iNaturalist, CC0 1.0 (https://creativecommons.org/publicdomain/zero/1.0/); source: https://www.inaturalist.org/photos/169360078. Original attribution: no rights reserved. Resized and re-encoded; no subject alteration."
Danio rerio,ゼブラフィッシュ,inat-537951317,supplementary_only,no rights reserved,iNaturalist,https://www.inaturalist.org/photos/537951317,CC0 1.0,https://creativecommons.org/publicdomain/zero/1.0/,"Danio rerio [Danio rerio] — no rights reserved / iNaturalist, CC0 1.0 (https://creativecommons.org/publicdomain/zero/1.0/); source: https://www.inaturalist.org/photos/537951317. Original attribution: no rights reserved. Resized and re-encoded; no subject alteration."
Daphnia magna,オオミジンコ,commons-47132022,primary_candidate,"Dieter Ebert, Basel, Switzerland",Wikimedia Commons,https://commons.wikimedia.org/wiki/File:Daphnia_magna_asexual.jpg,CC BY-SA 4.0,https://creativecommons.org/licenses/by-sa/4.0,"Daphnia magna asexual [Daphnia magna] — Dieter Ebert, Basel, Switzerland / Wikimedia Commons, CC BY-SA 4.0 (https://creativecommons.org/licenses/by-sa/4.0); source: https://commons.wikimedia.org/wiki/File:Daphnia_magna_asexual.jpg. Original attribution: Own work. Resized and re-encoded; no subject alteration."
Daphnia magna,オオミジンコ,inat-81827961,primary_candidate,"Dieter Ebert, Basel, Switzerland",iNaturalist,https://www.inaturalist.org/photos/81827961,CC BY-SA 4.0,https://creativecommons.org/licenses/by-sa/4.0/,"Daphnia magna [Daphnia magna] — Dieter Ebert, Basel, Switzerland / iNaturalist, CC BY-SA 4.0 (https://creativecommons.org/licenses/by-sa/4.0/); source: https://www.inaturalist.org/photos/81827961. Original attribution: (c) Dieter Ebert, Basel, Switzerland, some rights reserved (CC BY-SA). Resized and re-encoded; no subject alteration."
Dasyatis pastinaca,コモンスティングレイ,inat-238739504,primary_candidate,shahar chaikin,iNaturalist,https://www.inaturalist.org/photos/238739504,CC BY 4.0,https://creativecommons.org/licenses/by/4.0/,"Dasyatis pastinaca [Dasyatis pastinaca] — shahar chaikin / iNaturalist, CC BY 4.0 (https://creativecommons.org/licenses/by/4.0/); source: https://www.inaturalist.org/photos/238739504. Original attribution: (c) shahar chaikin, some rights reserved (CC BY). Resized and re-encoded; no subject alteration."
Dasypus novemcinctus,ココノオビアルマジロ,commons-153853317,supplementary_only,Aramburu Carlos,Wikimedia Commons,https://commons.wikimedia.org/wiki/File:Dasypus_novemcinctus_en_Zool%C3%B3gico_de_Paraguan%C3%A1.jpg,CC BY 4.0,https://creativecommons.org/licenses/by/4.0,"Dasypus novemcinctus en Zoológico de Paraguaná [Dasypus novemcinctus] — Aramburu Carlos / Wikimedia Commons, CC BY 4.0 (https://creativecommons.org/licenses/by/4.0); source: https://commons.wikimedia.org/wiki/File:Dasypus_novemcinctus_en_Zool%C3%B3gico_de_Paraguan%C3%A1.jpg. Original attribution: Own work. Resized and re-encoded; no subject alteration."
Dasypus novemcinctus,ココノオビアルマジロ,inat-712295426,supplementary_only,no rights reserved,iNaturalist,https://www.inaturalist.org/photos/712295426,CC0 1.0,https://creativecommons.org/publicdomain/zero/1.0/,"Dasypus novemcinctus [Dasypus novemcinctus] — no rights reserved / iNaturalist, CC0 1.0 (https://creativecommons.org/publicdomain/zero/1.0/); source: https://www.inaturalist.org/photos/712295426. Original attribution: no rights reserved. Resized and re-encoded; no subject alteration."
Daubentonia madagascariensis,アイアイ,commons-42890351,supplementary_only,nomis-simon,Wikimedia Commons,https://commons.wikimedia.org/wiki/File:Wild_aye_aye.jpg,CC BY 2.0,https://creativecommons.org/licenses/by/2.0,"Wild aye aye [Daubentonia madagascariensis] — nomis-simon / Wikimedia Commons, CC BY 2.0 (https://creativecommons.org/licenses/by/2.0); source: https://commons.wikimedia.org/wiki/File:Wild_aye_aye.jpg. Original attribution: https://www.flickr.com/photos/nomissimon/15819070729/. Resized and re-encoded; no subject alteration."
Daubentonia madagascariensis,アイアイ,inat-4582836,supplementary_only,Frank Vassen,iNaturalist,https://www.inaturalist.org/photos/4582836,CC BY 4.0,https://creativecommons.org/licenses/by/4.0/,"Daubentonia madagascariensis [Daubentonia madagascariensis] — Frank Vassen / iNaturalist, CC BY 4.0 (https://creativecommons.org/licenses/by/4.0/); source: https://www.inaturalist.org/photos/4582836. Original attribution: (c) Frank Vassen, some rights reserved (CC BY). Resized and re-encoded; no subject alteration."
Delphinapterus leucas,シロイルカ,commons-23971602,primary_candidate,"Javier Yaya Tur / CIUDAD DE LAS ARTES Y LAS CIENCIAS from Valencia, España",Wikimedia Commons,https://commons.wikimedia.org/wiki/File:Oceanogr%C3%A0fic_29102004.jpg,CC BY 2.0,https://creativecommons.org/licenses/by/2.0,"Oceanogràfic 29102004 [Delphinapterus leucas] — Javier Yaya Tur / CIUDAD DE LAS ARTES Y LAS CIENCIAS from Valencia, España / Wikimedia Commons, CC BY 2.0 (https://creativecommons.org/licenses/by/2.0); source: https://commons.wikimedia.org/wiki/File:Oceanogr%C3%A0fic_29102004.jpg. Original attribution: Javier Yaya Tur (CAC, S. A.). Resized and re-encoded; no subject alteration."
Delphinapterus leucas,シロイルカ,inat-177555065,supplementary_only,Lucy Keith-Diagne,iNaturalist,https://www.inaturalist.org/photos/177555065,CC BY 4.0,https://creativecommons.org/licenses/by/4.0/,"Delphinapterus leucas [Delphinapterus leucas] — Lucy Keith-Diagne / iNaturalist, CC BY 4.0 (https://creativecommons.org/licenses/by/4.0/); source: https://www.inaturalist.org/photos/177555065. Original attribution: (c) Lucy Keith-Diagne, some rights reserved (CC BY). Resized and re-encoded; no subject alteration."
Dendroaspis polylepis,ブラックマンバ,inat-189495916,supplementary_only,no rights reserved,iNaturalist,https://www.inaturalist.org/photos/189495916,CC0 1.0,https://creativecommons.org/publicdomain/zero/1.0/,"Dendroaspis polylepis [Dendroaspis polylepis] — no rights reserved / iNaturalist, CC0 1.0 (https://creativecommons.org/publicdomain/zero/1.0/); source: https://www.inaturalist.org/photos/189495916. Original attribution: no rights reserved. Resized and re-encoded; no subject alteration."
Dendrobates tinctorius,アイゾメヤドクガエル,commons-85008815,primary_candidate,H. Zell,Wikimedia Commons,https://commons.wikimedia.org/wiki/File:Dendrobates_tinctorius_-_Karlsruhe_Zoo_05.jpg,CC BY-SA 3.0,https://creativecommons.org/licenses/by-sa/3.0,"Dendrobates tinctorius - Karlsruhe Zoo 05 [Dendrobates tinctorius] — H. Zell / Wikimedia Commons, CC BY-SA 3.0 (https://creativecommons.org/licenses/by-sa/3.0); source: https://commons.wikimedia.org/wiki/File:Dendrobates_tinctorius_-_Karlsruhe_Zoo_05.jpg. Original attribution: Own work. Resized and re-encoded; no subject alteration."
Dendrobates tinctorius,アイゾメヤドクガエル,inat-109403891,primary_candidate,Yves Bas,iNaturalist,https://www.inaturalist.org/photos/109403891,CC BY 4.0,https://creativecommons.org/licenses/by/4.0/,"Dendrobates tinctorius [Dendrobates tinctorius] — Yves Bas / iNaturalist, CC BY 4.0 (https://creativecommons.org/licenses/by/4.0/); source: https://www.inaturalist.org/photos/109403891. Original attribution: (c) Yves Bas, some rights reserved (CC BY). Resized and re-encoded; no subject alteration."
Dermochelys coriacea,オサガメ,inat-23833432,primary_candidate,Pam Kleinsasser,iNaturalist,https://www.inaturalist.org/photos/23833432,CC BY 4.0,https://creativecommons.org/licenses/by/4.0/,"Dermochelys coriacea [Dermochelys coriacea] — Pam Kleinsasser / iNaturalist, CC BY 4.0 (https://creativecommons.org/licenses/by/4.0/); source: https://www.inaturalist.org/photos/23833432. Original attribution: (c) Pam Kleinsasser, some rights reserved (CC BY). Resized and re-encoded; no subject alteration."
Desmodus rotundus,ナミチスイコウモリ,commons-48367342,primary_candidate,Uwe Schmidt,Wikimedia Commons,https://commons.wikimedia.org/wiki/File:Desmo-Flug-01.jpg,CC BY-SA 4.0,https://creativecommons.org/licenses/by-sa/4.0,"Desmo-Flug-01 [Desmodus rotundus] — Uwe Schmidt / Wikimedia Commons, CC BY-SA 4.0 (https://creativecommons.org/licenses/by-sa/4.0); source: https://commons.wikimedia.org/wiki/File:Desmo-Flug-01.jpg. Original attribution: File:Desmo-Flug-01.tif. Resized and re-encoded; no subject alteration."
Desmodus rotundus,ナミチスイコウモリ,inat-149104034,primary_candidate,Tomás Carranza Perales,iNaturalist,https://www.inaturalist.org/photos/149104034,CC BY 4.0,https://creativecommons.org/licenses/by/4.0/,"Desmodus rotundus [Desmodus rotundus] — Tomás Carranza Perales / iNaturalist, CC BY 4.0 (https://creativecommons.org/licenses/by/4.0/); source: https://www.inaturalist.org/photos/149104034. Original attribution: (c) Tomás Carranza Perales, some rights reserved (CC BY), uploaded by Tomás Carranza Perales. Resized and re-encoded; no subject alteration."
Diceros bicornis,クロサイ,commons-144204698,primary_candidate,AfricanConservation,Wikimedia Commons,https://commons.wikimedia.org/wiki/File:Black_Rhino_at_Working_with_Wildlife.jpg,CC BY-SA 4.0,https://creativecommons.org/licenses/by-sa/4.0,"Black Rhino at Working with Wildlife [Diceros bicornis] — AfricanConservation / Wikimedia Commons, CC BY-SA 4.0 (https://creativecommons.org/licenses/by-sa/4.0); source: https://commons.wikimedia.org/wiki/File:Black_Rhino_at_Working_with_Wildlife.jpg. Original attribution: Own work , from Working with Wildlife. Resized and re-encoded; no subject alteration."
Diceros bicornis,クロサイ,inat-110487730,primary_candidate,no rights reserved,iNaturalist,https://www.inaturalist.org/photos/110487730,CC0 1.0,https://creativecommons.org/publicdomain/zero/1.0/,"Diceros bicornis [Diceros bicornis] — no rights reserved / iNaturalist, CC0 1.0 (https://creativecommons.org/publicdomain/zero/1.0/); source: https://www.inaturalist.org/photos/110487730. Original attribution: no rights reserved. Resized and re-encoded; no subject alteration."
Dictyostelium discoideum,キイロタマホコリカビ,commons-45043886,primary_candidate,Usman Bashir,Wikimedia Commons,https://commons.wikimedia.org/wiki/File:Dictyostelium_discoideum_09.jpg,CC BY-SA 4.0,https://creativecommons.org/licenses/by-sa/4.0,"Dictyostelium discoideum 09 [Dictyostelium discoideum] — Usman Bashir / Wikimedia Commons, CC BY-SA 4.0 (https://creativecommons.org/licenses/by-sa/4.0); source: https://commons.wikimedia.org/wiki/File:Dictyostelium_discoideum_09.jpg. Original attribution: Own work. Resized and re-encoded; no subject alteration."
Didelphis virginiana,キタオポッサム,commons-1705724,primary_candidate,Cody Pope,Wikimedia Commons,https://commons.wikimedia.org/wiki/File:Opossum_2.jpg,CC BY-SA 2.5,https://creativecommons.org/licenses/by-sa/2.5,"Opossum 2 [Didelphis virginiana] — Cody Pope / Wikimedia Commons, CC BY-SA 2.5 (https://creativecommons.org/licenses/by-sa/2.5); source: https://commons.wikimedia.org/wiki/File:Opossum_2.jpg. Original attribution: Wikipedia:User:Cody.pope. Resized and re-encoded; no subject alteration."
Diomedea exulans,ワタリアホウドリ,commons-16589641,primary_candidate,JJ Harrison ( https://www.jjharrison.com.au/ ),Wikimedia Commons,https://commons.wikimedia.org/wiki/File:Diomedea_exulans_-_SE_Tasmania.jpg,CC BY-SA 3.0,https://creativecommons.org/licenses/by-sa/3.0,"Diomedea exulans - SE Tasmania [Diomedea exulans] — JJ Harrison ( https://www.jjharrison.com.au/ ) / Wikimedia Commons, CC BY-SA 3.0 (https://creativecommons.org/licenses/by-sa/3.0); source: https://commons.wikimedia.org/wiki/File:Diomedea_exulans_-_SE_Tasmania.jpg. Original attribution: Own work. Resized and re-encoded; no subject alteration."
Diomedea exulans,ワタリアホウドリ,inat-336189515,primary_candidate,Flavien Saboureau,iNaturalist,https://www.inaturalist.org/photos/336189515,CC BY 4.0,https://creativecommons.org/licenses/by/4.0/,"Diomedea exulans [Diomedea exulans] — Flavien Saboureau / iNaturalist, CC BY 4.0 (https://creativecommons.org/licenses/by/4.0/); source: https://www.inaturalist.org/photos/336189515. Original attribution: (c) Flavien Saboureau, some rights reserved (CC BY). Resized and re-encoded; no subject alteration."
Dionaea muscipula,ハエトリグサ,commons-702329,supplementary_only,Noah Elhardt,Wikimedia Commons,https://commons.wikimedia.org/wiki/File:Venus_Flytrap_showing_trigger_hairs.jpg,CC BY-SA 2.5,https://creativecommons.org/licenses/by-sa/2.5,"Venus Flytrap showing trigger hairs [Dionaea muscipula] — Noah Elhardt / Wikimedia Commons, CC BY-SA 2.5 (https://creativecommons.org/licenses/by-sa/2.5); source: https://commons.wikimedia.org/wiki/File:Venus_Flytrap_showing_trigger_hairs.jpg. Original attribution: Self-published photo by Noah Elhardt. Resized and re-encoded; no subject alteration."
Dionaea muscipula,ハエトリグサ,inat-432274864,supplementary_only,no rights reserved,iNaturalist,https://www.inaturalist.org/photos/432274864,CC0 1.0,https://creativecommons.org/publicdomain/zero/1.0/,"Dionaea muscipula [Dionaea muscipula] — no rights reserved / iNaturalist, CC0 1.0 (https://creativecommons.org/publicdomain/zero/1.0/); source: https://www.inaturalist.org/photos/432274864. Original attribution: no rights reserved. Resized and re-encoded; no subject alteration."
Diploria labyrinthiformis,メイズブレインコーラル,inat-33168991,primary_candidate,Louis Imbeau,iNaturalist,https://www.inaturalist.org/photos/33168991,CC BY 4.0,https://creativecommons.org/licenses/by/4.0/,"Diploria labyrinthiformis [Diploria labyrinthiformis] — Louis Imbeau / iNaturalist, CC BY 4.0 (https://creativecommons.org/licenses/by/4.0/); source: https://www.inaturalist.org/photos/33168991. Original attribution: (c) Louis Imbeau, some rights reserved (CC BY). Resized and re-encoded; no subject alteration."
Dromaius novaehollandiae,エミュー,commons-92381514,primary_candidate,JJ Harrison ( https://www.jjharrison.com.au/ ),Wikimedia Commons,https://commons.wikimedia.org/wiki/File:Emu_1_-_Tidbinbilla.jpg,CC BY-SA 4.0,https://creativecommons.org/licenses/by-sa/4.0,"Emu 1 - Tidbinbilla [Dromaius novaehollandiae] — JJ Harrison ( https://www.jjharrison.com.au/ ) / Wikimedia Commons, CC BY-SA 4.0 (https://creativecommons.org/licenses/by-sa/4.0); source: https://commons.wikimedia.org/wiki/File:Emu_1_-_Tidbinbilla.jpg. Original attribution: Own work. Resized and re-encoded; no subject alteration."
Drosophila melanogaster,キイロショウジョウバエ,commons-63862733,primary_candidate,Sanjay Acharya,Wikimedia Commons,https://commons.wikimedia.org/wiki/File:Drosophila_melanogaster_Proboscis.jpg,CC BY-SA 4.0,https://creativecommons.org/licenses/by-sa/4.0,"Drosophila melanogaster Proboscis [Drosophila melanogaster] — Sanjay Acharya / Wikimedia Commons, CC BY-SA 4.0 (https://creativecommons.org/licenses/by-sa/4.0); source: https://commons.wikimedia.org/wiki/File:Drosophila_melanogaster_Proboscis.jpg. Original attribution: Own work. Resized and re-encoded; no subject alteration."
Drosophila melanogaster,キイロショウジョウバエ,inat-15501015,primary_candidate,no rights reserved,iNaturalist,https://www.inaturalist.org/photos/15501015,CC0 1.0,https://creativecommons.org/publicdomain/zero/1.0/,"Drosophila melanogaster [Drosophila melanogaster] — no rights reserved / iNaturalist, CC0 1.0 (https://creativecommons.org/publicdomain/zero/1.0/); source: https://www.inaturalist.org/photos/15501015. Original attribution: no rights reserved. Resized and re-encoded; no subject alteration."
Dugong dugon,ジュゴン,inat-168378319,supplementary_only,no rights reserved,iNaturalist,https://www.inaturalist.org/photos/168378319,CC0 1.0,https://creativecommons.org/publicdomain/zero/1.0/,"Dugong dugon [Dugong dugon] — no rights reserved / iNaturalist, CC0 1.0 (https://creativecommons.org/publicdomain/zero/1.0/); source: https://www.inaturalist.org/photos/168378319. Original attribution: no rights reserved. Resized and re-encoded; no subject alteration."
Dynastes hercules,ヘラクレスオオカブト,commons-16140900,primary_candidate,Didier Descouens,Wikimedia Commons,https://commons.wikimedia.org/wiki/File:Dynastes_hercules_ecuatorianus_MHNT.jpg,CC BY-SA 4.0,https://creativecommons.org/licenses/by-sa/4.0,"Dynastes hercules ecuatorianus MHNT [Dynastes hercules] — Didier Descouens / Wikimedia Commons, CC BY-SA 4.0 (https://creativecommons.org/licenses/by-sa/4.0); source: https://commons.wikimedia.org/wiki/File:Dynastes_hercules_ecuatorianus_MHNT.jpg. Original attribution: Own work. Resized and re-encoded; no subject alteration."
Dynastes hercules,ヘラクレスオオカブト,inat-18333696,primary_candidate,TOUROULT Julien,iNaturalist,https://www.inaturalist.org/photos/18333696,CC BY 4.0,https://creativecommons.org/licenses/by/4.0/,"Dynastes hercules [Dynastes hercules] — TOUROULT Julien / iNaturalist, CC BY 4.0 (https://creativecommons.org/licenses/by/4.0/); source: https://www.inaturalist.org/photos/18333696. Original attribution: (c) TOUROULT Julien, some rights reserved (CC BY), uploaded by TOUROULT Julien. Resized and re-encoded; no subject alteration."
Elaeis guineensis,アフリカアブラヤシ,inat-333000809,supplementary_only,Fabrício Mil Homens Riella,iNaturalist,https://www.inaturalist.org/photos/333000809,CC BY 4.0,https://creativecommons.org/licenses/by/4.0/,"Elaeis guineensis [Elaeis guineensis] — Fabrício Mil Homens Riella / iNaturalist, CC BY 4.0 (https://creativecommons.org/licenses/by/4.0/); source: https://www.inaturalist.org/photos/333000809. Original attribution: (c) Fabrício Mil Homens Riella, some rights reserved (CC BY), uploaded by Fabrício Mil Homens Riella. Resized and re-encoded; no subject alteration."
Electrophorus electricus,デンキウナギ,commons-1446721,supplementary_only,Steven G. Johnson,Wikimedia Commons,https://commons.wikimedia.org/wiki/File:Electric-eel.jpg,CC BY-SA 3.0,https://creativecommons.org/licenses/by-sa/3.0/,"Electric-eel [Electrophorus electricus] — Steven G. Johnson / Wikimedia Commons, CC BY-SA 3.0 (https://creativecommons.org/licenses/by-sa/3.0/); source: https://commons.wikimedia.org/wiki/File:Electric-eel.jpg. Original attribution: Own work. Resized and re-encoded; no subject alteration."
Electrophorus electricus,デンキウナギ,commons-439619,supplementary_only,Stan Shebs,Wikimedia Commons,https://commons.wikimedia.org/wiki/File:Electrophorus_electricus_3.jpg,CC BY-SA 3.0,https://creativecommons.org/licenses/by-sa/3.0,"Electrophorus electricus 3 [Electrophorus electricus] — Stan Shebs / Wikimedia Commons, CC BY-SA 3.0 (https://creativecommons.org/licenses/by-sa/3.0); source: https://commons.wikimedia.org/wiki/File:Electrophorus_electricus_3.jpg. Original attribution: Stan Shebs. Resized and re-encoded; no subject alteration."
Elephas maximus,アジアゾウ,commons-24916395,primary_candidate,Yathin S Krishnappa,Wikimedia Commons,https://commons.wikimedia.org/wiki/File:Elephas_maximus_(Bandipur).jpg,CC BY-SA 3.0,https://creativecommons.org/licenses/by-sa/3.0,"Elephas maximus (Bandipur) [Elephas maximus] — Yathin S Krishnappa / Wikimedia Commons, CC BY-SA 3.0 (https://creativecommons.org/licenses/by-sa/3.0); source: https://commons.wikimedia.org/wiki/File:Elephas_maximus_(Bandipur).jpg. Original attribution: Own work. Resized and re-encoded; no subject alteration."
Elephas maximus,アジアゾウ,inat-109596675,supplementary_only,no rights reserved,iNaturalist,https://www.inaturalist.org/photos/109596675,CC0 1.0,https://creativecommons.org/publicdomain/zero/1.0/,"Elephas maximus [Elephas maximus] — no rights reserved / iNaturalist, CC0 1.0 (https://creativecommons.org/publicdomain/zero/1.0/); source: https://www.inaturalist.org/photos/109596675. Original attribution: no rights reserved. Resized and re-encoded; no subject alteration."
Enteroctopus dofleini,ミズダコ,inat-78439903,primary_candidate,Matt Muir,iNaturalist,https://www.inaturalist.org/photos/78439903,CC BY 4.0,https://creativecommons.org/licenses/by/4.0/,"Enteroctopus dofleini [Enteroctopus dofleini] — Matt Muir / iNaturalist, CC BY 4.0 (https://creativecommons.org/licenses/by/4.0/); source: https://www.inaturalist.org/photos/78439903. Original attribution: (c) Matt Muir, some rights reserved (CC BY). Resized and re-encoded; no subject alteration."
Equisetum arvense,スギナ,commons-7583695,primary_candidate,MPF,Wikimedia Commons,https://commons.wikimedia.org/wiki/File:Equisetum_arvense_foliage.jpg,CC BY-SA 3.0,https://creativecommons.org/licenses/by-sa/3.0,"Equisetum arvense foliage [Equisetum arvense] — MPF / Wikimedia Commons, CC BY-SA 3.0 (https://creativecommons.org/licenses/by-sa/3.0); source: https://commons.wikimedia.org/wiki/File:Equisetum_arvense_foliage.jpg. Original attribution: Own work. Resized and re-encoded; no subject alteration."
Equisetum arvense,スギナ,inat-517968532,primary_candidate,no rights reserved,iNaturalist,https://www.inaturalist.org/photos/517968532,CC0 1.0,https://creativecommons.org/publicdomain/zero/1.0/,"Equisetum arvense [Equisetum arvense] — no rights reserved / iNaturalist, CC0 1.0 (https://creativecommons.org/publicdomain/zero/1.0/); source: https://www.inaturalist.org/photos/517968532. Original attribution: no rights reserved. Resized and re-encoded; no subject alteration."
Equus asinus,ロバ,inat-62914696,primary_candidate,Mourad Harzallah,iNaturalist,https://www.inaturalist.org/photos/62914696,CC BY 4.0,https://creativecommons.org/licenses/by/4.0/,"Equus asinus [Equus asinus] — Mourad Harzallah / iNaturalist, CC BY 4.0 (https://creativecommons.org/licenses/by/4.0/); source: https://www.inaturalist.org/photos/62914696. Original attribution: (c) Mourad Harzallah, some rights reserved (CC BY). Resized and re-encoded; no subject alteration."
Equus caballus,ウマ,inat-254672607,supplementary_only,no rights reserved,iNaturalist,https://www.inaturalist.org/photos/254672607,CC0 1.0,https://creativecommons.org/publicdomain/zero/1.0/,"Equus caballus [Equus caballus] — no rights reserved / iNaturalist, CC0 1.0 (https://creativecommons.org/publicdomain/zero/1.0/); source: https://www.inaturalist.org/photos/254672607. Original attribution: no rights reserved. Resized and re-encoded; no subject alteration."
Equus grevyi,グレビーシマウマ,inat-585228722,primary_candidate,Tom Heijnen,iNaturalist,https://www.inaturalist.org/photos/585228722,CC BY 4.0,https://creativecommons.org/licenses/by/4.0/,"Equus grevyi [Equus grevyi] — Tom Heijnen / iNaturalist, CC BY 4.0 (https://creativecommons.org/licenses/by/4.0/); source: https://www.inaturalist.org/photos/585228722. Original attribution: (c) Tom Heijnen, some rights reserved (CC BY). Resized and re-encoded; no subject alteration."
Equus quagga,サバンナシマウマ,commons-31862629,primary_candidate,Yathin S Krishnappa,Wikimedia Commons,"https://commons.wikimedia.org/wiki/File:Equus_quagga_burchellii_-_Etosha,_2014.jpg",CC BY-SA 3.0,https://creativecommons.org/licenses/by-sa/3.0,"Equus quagga burchellii - Etosha, 2014 [Equus quagga] — Yathin S Krishnappa / Wikimedia Commons, CC BY-SA 3.0 (https://creativecommons.org/licenses/by-sa/3.0); source: https://commons.wikimedia.org/wiki/File:Equus_quagga_burchellii_-_Etosha,_2014.jpg. Original attribution: Own work. Resized and re-encoded; no subject alteration."
Equus quagga,サバンナシマウマ,inat-94184711,primary_candidate,no rights reserved,iNaturalist,https://www.inaturalist.org/photos/94184711,CC0 1.0,https://creativecommons.org/publicdomain/zero/1.0/,"Equus quagga [Equus quagga] — no rights reserved / iNaturalist, CC0 1.0 (https://creativecommons.org/publicdomain/zero/1.0/); source: https://www.inaturalist.org/photos/94184711. Original attribution: no rights reserved. Resized and re-encoded; no subject alteration."
Eretmochelys imbricata,タイマイ,commons-2530642,primary_candidate,Thierry Caro,Wikimedia Commons,https://commons.wikimedia.org/wiki/File:Eretmochelys-imbricata-K%C3%A9lonia-2.JPG,CC BY-SA 3.0,https://creativecommons.org/licenses/by-sa/3.0/,"Eretmochelys-imbricata-Kélonia-2 [Eretmochelys imbricata] — Thierry Caro / Wikimedia Commons, CC BY-SA 3.0 (https://creativecommons.org/licenses/by-sa/3.0/); source: https://commons.wikimedia.org/wiki/File:Eretmochelys-imbricata-K%C3%A9lonia-2.JPG. Original attribution: I, Thierry Caro. Resized and re-encoded; no subject alteration."
Eretmochelys imbricata,タイマイ,inat-188314555,primary_candidate,no rights reserved,iNaturalist,https://www.inaturalist.org/photos/188314555,CC0 1.0,https://creativecommons.org/publicdomain/zero/1.0/,"Eretmochelys imbricata [Eretmochelys imbricata] — no rights reserved / iNaturalist, CC0 1.0 (https://creativecommons.org/publicdomain/zero/1.0/); source: https://www.inaturalist.org/photos/188314555. Original attribution: no rights reserved. Resized and re-encoded; no subject alteration."
Erithacus rubecula,ヨーロッパコマドリ,commons-31367900,primary_candidate,Francis C. Franklin,Wikimedia Commons,https://commons.wikimedia.org/wiki/File:Erithacus_rubecula_with_cocked_head.jpg,CC BY-SA 3.0,https://creativecommons.org/licenses/by-sa/3.0,"Erithacus rubecula with cocked head [Erithacus rubecula] — Francis C. Franklin / Wikimedia Commons, CC BY-SA 3.0 (https://creativecommons.org/licenses/by-sa/3.0); source: https://commons.wikimedia.org/wiki/File:Erithacus_rubecula_with_cocked_head.jpg. Original attribution: © Francis C. Franklin / CC-BY-SA-3.0. Resized and re-encoded; no subject alteration."
Erithacus rubecula,ヨーロッパコマドリ,inat-30475942,supplementary_only,Alexis Tinker-Tsavalas,iNaturalist,https://www.inaturalist.org/photos/30475942,CC BY 4.0,https://creativecommons.org/licenses/by/4.0/,"Erithacus rubecula [Erithacus rubecula] — Alexis Tinker-Tsavalas / iNaturalist, CC BY 4.0 (https://creativecommons.org/licenses/by/4.0/); source: https://www.inaturalist.org/photos/30475942. Original attribution: (c) Alexis Tinker-Tsavalas, some rights reserved (CC BY). Resized and re-encoded; no subject alteration."
Escherichia coli,大腸菌,commons-85459202,supplementary_only,Gene Drendel,Wikimedia Commons,https://commons.wikimedia.org/wiki/File:Escherichia_coli_EMB.jpg,CC BY 4.0,https://creativecommons.org/licenses/by/4.0,"Escherichia coli EMB [Escherichia coli] — Gene Drendel / Wikimedia Commons, CC BY 4.0 (https://creativecommons.org/licenses/by/4.0); source: https://commons.wikimedia.org/wiki/File:Escherichia_coli_EMB.jpg. Original attribution: Own work. Resized and re-encoded; no subject alteration."
Eublepharis macularius,ヒョウモントカゲモドキ,commons-114516224,primary_candidate,Bobjgalindo,Wikimedia Commons,https://commons.wikimedia.org/wiki/File:Leopard_gheko_molting.jpg,CC BY-SA 4.0,https://creativecommons.org/licenses/by-sa/4.0,"Leopard gheko molting [Eublepharis macularius] — Bobjgalindo / Wikimedia Commons, CC BY-SA 4.0 (https://creativecommons.org/licenses/by-sa/4.0); source: https://commons.wikimedia.org/wiki/File:Leopard_gheko_molting.jpg. Original attribution: Own work. Resized and re-encoded; no subject alteration."
Eucalyptus globulus,ユーカリプタス・グロブルス,inat-348028899,supplementary_only,no rights reserved,iNaturalist,https://www.inaturalist.org/photos/348028899,CC0 1.0,https://creativecommons.org/publicdomain/zero/1.0/,"Eucalyptus globulus [Eucalyptus globulus] — no rights reserved / iNaturalist, CC0 1.0 (https://creativecommons.org/publicdomain/zero/1.0/); source: https://www.inaturalist.org/photos/348028899. Original attribution: no rights reserved. Resized and re-encoded; no subject alteration."
Eudocimus ruber,ショウジョウトキ,commons-57969056,primary_candidate,Rafa Esteve,Wikimedia Commons,https://commons.wikimedia.org/wiki/File:Oceanografic_Scarlet_Ibis_02.jpg,CC BY-SA 4.0,https://creativecommons.org/licenses/by-sa/4.0,"Oceanografic Scarlet Ibis 02 [Eudocimus ruber] — Rafa Esteve / Wikimedia Commons, CC BY-SA 4.0 (https://creativecommons.org/licenses/by-sa/4.0); source: https://commons.wikimedia.org/wiki/File:Oceanografic_Scarlet_Ibis_02.jpg. Original attribution: Own work. Resized and re-encoded; no subject alteration."
Eudocimus ruber,ショウジョウトキ,inat-694231306,supplementary_only,no rights reserved,iNaturalist,https://www.inaturalist.org/photos/694231306,CC0 1.0,https://creativecommons.org/publicdomain/zero/1.0/,"Eudocimus ruber [Eudocimus ruber] — no rights reserved / iNaturalist, CC0 1.0 (https://creativecommons.org/publicdomain/zero/1.0/); source: https://www.inaturalist.org/photos/694231306. Original attribution: no rights reserved. Resized and re-encoded; no subject alteration."
Eudyptes chrysocome,イワトビペンギン,commons-24446021,primary_candidate,Liam Quinn from Canada,Wikimedia Commons,https://commons.wikimedia.org/wiki/File:Rockhopper_Penguin_on_Saunders_Island_(5586446214).jpg,CC BY-SA 2.0,https://creativecommons.org/licenses/by-sa/2.0,"Rockhopper Penguin on Saunders Island (5586446214) [Eudyptes chrysocome] — Liam Quinn from Canada / Wikimedia Commons, CC BY-SA 2.0 (https://creativecommons.org/licenses/by-sa/2.0); source: https://commons.wikimedia.org/wiki/File:Rockhopper_Penguin_on_Saunders_Island_(5586446214).jpg. Original attribution: Rockhopper Penguin on Saunders Island. Resized and re-encoded; no subject alteration."
Eudyptes chrysocome,イワトビペンギン,inat-279211794,supplementary_only,no rights reserved,iNaturalist,https://www.inaturalist.org/photos/279211794,CC0 1.0,https://creativecommons.org/publicdomain/zero/1.0/,"Eudyptes chrysocome [Eudyptes chrysocome] — no rights reserved / iNaturalist, CC0 1.0 (https://creativecommons.org/publicdomain/zero/1.0/); source: https://www.inaturalist.org/photos/279211794. Original attribution: no rights reserved. Resized and re-encoded; no subject alteration."
Eudyptula minor,コガタペンギン,commons-12200820,primary_candidate,JJ Harrison ( https://www.jjharrison.com.au/ ),Wikimedia Commons,https://commons.wikimedia.org/wiki/File:Eudyptula_minor_Bruny_1.jpg,CC BY-SA 3.0,https://creativecommons.org/licenses/by-sa/3.0,"Eudyptula minor Bruny 1 [Eudyptula minor] — JJ Harrison ( https://www.jjharrison.com.au/ ) / Wikimedia Commons, CC BY-SA 3.0 (https://creativecommons.org/licenses/by-sa/3.0); source: https://commons.wikimedia.org/wiki/File:Eudyptula_minor_Bruny_1.jpg. Original attribution: Own work. Resized and re-encoded; no subject alteration."
Eudyptula minor,コガタペンギン,inat-668815799,supplementary_only,no rights reserved,iNaturalist,https://www.inaturalist.org/photos/668815799,CC0 1.0,https://creativecommons.org/publicdomain/zero/1.0/,"Eudyptula minor [Eudyptula minor] — no rights reserved / iNaturalist, CC0 1.0 (https://creativecommons.org/publicdomain/zero/1.0/); source: https://www.inaturalist.org/photos/668815799. Original attribution: no rights reserved. Resized and re-encoded; no subject alteration."
Euglena gracilis,ユーグレナ・グラシリス（ミドリムシ）,commons-40733918,supplementary_only,Andrea Kamphuis,Wikimedia Commons,https://commons.wikimedia.org/wiki/File:Bioconvection_Euglena_5_Petri_Dishes_2_times_Colour.jpg,CC BY-SA 4.0,https://creativecommons.org/licenses/by-sa/4.0,"Bioconvection Euglena 5 Petri Dishes 2 times Colour [Euglena gracilis] — Andrea Kamphuis / Wikimedia Commons, CC BY-SA 4.0 (https://creativecommons.org/licenses/by-sa/4.0); source: https://commons.wikimedia.org/wiki/File:Bioconvection_Euglena_5_Petri_Dishes_2_times_Colour.jpg. Original attribution: Own work. Resized and re-encoded; no subject alteration."
Eunectes murinus,オオアナコンダ,commons-62039578,primary_candidate,MKAMPIS,Wikimedia Commons,https://commons.wikimedia.org/wiki/File:Sucuri_verde.jpg,CC BY-SA 4.0,https://creativecommons.org/licenses/by-sa/4.0,"Sucuri verde [Eunectes murinus] — MKAMPIS / Wikimedia Commons, CC BY-SA 4.0 (https://creativecommons.org/licenses/by-sa/4.0); source: https://commons.wikimedia.org/wiki/File:Sucuri_verde.jpg. Original attribution: Own work. Resized and re-encoded; no subject alteration."
Eunectes murinus,オオアナコンダ,inat-204789578,supplementary_only,no rights reserved,iNaturalist,https://www.inaturalist.org/photos/204789578,CC0 1.0,https://creativecommons.org/publicdomain/zero/1.0/,"Eunectes murinus [Eunectes murinus] — no rights reserved / iNaturalist, CC0 1.0 (https://creativecommons.org/publicdomain/zero/1.0/); source: https://www.inaturalist.org/photos/204789578. Original attribution: no rights reserved. Resized and re-encoded; no subject alteration."
Euperipatoides rowelli,ローウェルカギムシ,commons-71974226,primary_candidate,Alan Couch,Wikimedia Commons,https://commons.wikimedia.org/wiki/File:Euperipatoides_rowelli_2.jpg,CC BY 2.0,https://creativecommons.org/licenses/by/2.0,"Euperipatoides rowelli 2 [Euperipatoides rowelli] — Alan Couch / Wikimedia Commons, CC BY 2.0 (https://creativecommons.org/licenses/by/2.0); source: https://commons.wikimedia.org/wiki/File:Euperipatoides_rowelli_2.jpg. Original attribution: https://www.flickr.com/photos/couchy/7031632721/in/photostream/. Resized and re-encoded; no subject alteration."
Euperipatoides rowelli,ローウェルカギムシ,inat-20328292,primary_candidate,Alan Couch,iNaturalist,https://www.inaturalist.org/photos/20328292,CC BY 4.0,https://creativecommons.org/licenses/by/4.0/,"Euperipatoides rowelli [Euperipatoides rowelli] — Alan Couch / iNaturalist, CC BY 4.0 (https://creativecommons.org/licenses/by/4.0/); source: https://www.inaturalist.org/photos/20328292. Original attribution: (c) Alan Couch, some rights reserved (CC BY). Resized and re-encoded; no subject alteration."
Euphausia superba,ナンキョクオキアミ,commons-14871367,primary_candidate,Krill666.jpg : Uwe Kils I am willing to give the image in 1700 resolution to Wikipedia Uwe Kils,Wikimedia Commons,https://commons.wikimedia.org/wiki/File:Antarctic_krill_(Euphausia_superba).jpg,CC BY-SA 3.0,https://creativecommons.org/licenses/by-sa/3.0/,"Antarctic krill (Euphausia superba) [Euphausia superba] — Krill666.jpg : Uwe Kils I am willing to give the image in 1700 resolution to Wikipedia Uwe Kils / Wikimedia Commons, CC BY-SA 3.0 (https://creativecommons.org/licenses/by-sa/3.0/); source: https://commons.wikimedia.org/wiki/File:Antarctic_krill_(Euphausia_superba).jpg. Original attribution: Krill666.jpg. Resized and re-encoded; no subject alteration."
Euphausia superba,ナンキョクオキアミ,inat-445010218,supplementary_only,no rights reserved,iNaturalist,https://www.inaturalist.org/photos/445010218,CC0 1.0,https://creativecommons.org/publicdomain/zero/1.0/,"Euphausia superba [Euphausia superba] — no rights reserved / iNaturalist, CC0 1.0 (https://creativecommons.org/publicdomain/zero/1.0/); source: https://www.inaturalist.org/photos/445010218. Original attribution: no rights reserved. Resized and re-encoded; no subject alteration."
Falco peregrinus,ハヤブサ,commons-79786735,primary_candidate,Mykola Swarnyk,Wikimedia Commons,https://commons.wikimedia.org/wiki/File:Falco_peregrinus_m_Humber_Bay_Park_Toronto.jpg,CC BY-SA 3.0,https://creativecommons.org/licenses/by-sa/3.0,"Falco peregrinus m Humber Bay Park Toronto [Falco peregrinus] — Mykola Swarnyk / Wikimedia Commons, CC BY-SA 3.0 (https://creativecommons.org/licenses/by-sa/3.0); source: https://commons.wikimedia.org/wiki/File:Falco_peregrinus_m_Humber_Bay_Park_Toronto.jpg. Original attribution: Own work. Resized and re-encoded; no subject alteration."
Falco peregrinus,ハヤブサ,inat-17316283,primary_candidate,Shirley Zundell,iNaturalist,https://www.inaturalist.org/photos/17316283,CC BY 4.0,https://creativecommons.org/licenses/by/4.0/,"Falco peregrinus [Falco peregrinus] — Shirley Zundell / iNaturalist, CC BY 4.0 (https://creativecommons.org/licenses/by/4.0/); source: https://www.inaturalist.org/photos/17316283. Original attribution: (c) Shirley Zundell, some rights reserved (CC BY). Resized and re-encoded; no subject alteration."
Felis catus,イエネコ,commons-3020045,primary_candidate,"Karin Langner-Bahmann , upload von Martin Bahmann",Wikimedia Commons,https://commons.wikimedia.org/wiki/File:Siam_lilacpoint.jpg,CC BY-SA 3.0,https://creativecommons.org/licenses/by-sa/3.0/,"Siam lilacpoint [Felis catus] — Karin Langner-Bahmann , upload von Martin Bahmann / Wikimedia Commons, CC BY-SA 3.0 (https://creativecommons.org/licenses/by-sa/3.0/); source: https://commons.wikimedia.org/wiki/File:Siam_lilacpoint.jpg. Original attribution: Own work. Resized and re-encoded; no subject alteration."
Ficus benghalensis,ベンガルボダイジュ,commons-6028234,supplementary_only,McKay Savage,Wikimedia Commons,https://commons.wikimedia.org/wiki/File:Great_banyan_tree_kol.jpg,CC BY 2.0,https://creativecommons.org/licenses/by/2.0,"Great banyan tree kol [Ficus benghalensis] — McKay Savage / Wikimedia Commons, CC BY 2.0 (https://creativecommons.org/licenses/by/2.0); source: https://commons.wikimedia.org/wiki/File:Great_banyan_tree_kol.jpg. Original attribution: originally posted to Flickr as India - Kolkata - 10 - Great Banyan Tree. Resized and re-encoded; no subject alteration."
Ficus benghalensis,ベンガルボダイジュ,inat-192795437,supplementary_only,Yoav Daniel Bar-Ness,iNaturalist,https://www.inaturalist.org/photos/192795437,CC BY 4.0,https://creativecommons.org/licenses/by/4.0/,"Ficus benghalensis [Ficus benghalensis] — Yoav Daniel Bar-Ness / iNaturalist, CC BY 4.0 (https://creativecommons.org/licenses/by/4.0/); source: https://www.inaturalist.org/photos/192795437. Original attribution: (c) Yoav Daniel Bar-Ness, some rights reserved (CC BY). Resized and re-encoded; no subject alteration."
Fratercula arctica,ニシツノメドリ,commons-106949397,primary_candidate,Charles J. Sharp,Wikimedia Commons,https://commons.wikimedia.org/wiki/File:Puffin_(Fratercula_arctica).jpg,CC BY-SA 4.0,https://creativecommons.org/licenses/by-sa/4.0,"Puffin (Fratercula arctica) [Fratercula arctica] — Charles J. Sharp / Wikimedia Commons, CC BY-SA 4.0 (https://creativecommons.org/licenses/by-sa/4.0); source: https://commons.wikimedia.org/wiki/File:Puffin_(Fratercula_arctica).jpg. Original attribution: Own work , from Sharp Photography, sharpphotography.co.uk. Resized and re-encoded; no subject alteration."
Gadus morhua,タイセイヨウダラ,commons-122363104,primary_candidate,Wilhelm Thomas Fiege,Wikimedia Commons,"https://commons.wikimedia.org/wiki/File:Atlantic_Cod,_Atlantischer_Kabeljau_(Gadus_morhua).jpg",CC BY-SA 4.0,https://creativecommons.org/licenses/by-sa/4.0,"Atlantic Cod, Atlantischer Kabeljau (Gadus morhua) [Gadus morhua] — Wilhelm Thomas Fiege / Wikimedia Commons, CC BY-SA 4.0 (https://creativecommons.org/licenses/by-sa/4.0); source: https://commons.wikimedia.org/wiki/File:Atlantic_Cod,_Atlantischer_Kabeljau_(Gadus_morhua).jpg. Original attribution: Own work. Resized and re-encoded; no subject alteration."
Galeocerdo cuvier,イタチザメ,commons-8969258,primary_candidate,Albert kok,Wikimedia Commons,https://commons.wikimedia.org/wiki/File:Tiger_shark.jpg,CC BY-SA 3.0,https://creativecommons.org/licenses/by-sa/3.0,"Tiger shark [Galeocerdo cuvier] — Albert kok / Wikimedia Commons, CC BY-SA 3.0 (https://creativecommons.org/licenses/by-sa/3.0); source: https://commons.wikimedia.org/wiki/File:Tiger_shark.jpg. Original attribution: Own work. Resized and re-encoded; no subject alteration."
Gallus gallus domesticus,ニワトリ（家畜化型）,commons-3769100,primary_candidate,"Andrei Niemimäki from Turku, Finland",Wikimedia Commons,https://commons.wikimedia.org/wiki/File:Male_and_female_chicken_sitting_together.jpg,CC BY-SA 2.0,https://creativecommons.org/licenses/by-sa/2.0,"Male and female chicken sitting together [Gallus gallus domesticus] — Andrei Niemimäki from Turku, Finland / Wikimedia Commons, CC BY-SA 2.0 (https://creativecommons.org/licenses/by-sa/2.0); source: https://commons.wikimedia.org/wiki/File:Male_and_female_chicken_sitting_together.jpg. Original attribution: Friends. Resized and re-encoded; no subject alteration."
Gavialis gangeticus,インドガビアル,commons-65657800,supplementary_only,Charles J. Sharp,Wikimedia Commons,https://commons.wikimedia.org/wiki/File:Gharial_(Gavialis_gangeticus)_male.jpg,CC BY-SA 4.0,https://creativecommons.org/licenses/by-sa/4.0,"Gharial (Gavialis gangeticus) male [Gavialis gangeticus] — Charles J. Sharp / Wikimedia Commons, CC BY-SA 4.0 (https://creativecommons.org/licenses/by-sa/4.0); source: https://commons.wikimedia.org/wiki/File:Gharial_(Gavialis_gangeticus)_male.jpg. Original attribution: Own work , from Sharp Photography, sharpphotography.co.uk. Resized and re-encoded; no subject alteration."
Gazella dorcas,ドルカスガゼル,commons-12374825,primary_candidate,Khendon,Wikimedia Commons,https://commons.wikimedia.org/wiki/File:Dorcasgazellemarwell.jpg,CC BY-SA 3.0,https://creativecommons.org/licenses/by-sa/3.0,"Dorcasgazellemarwell [Gazella dorcas] — Khendon / Wikimedia Commons, CC BY-SA 3.0 (https://creativecommons.org/licenses/by-sa/3.0); source: https://commons.wikimedia.org/wiki/File:Dorcasgazellemarwell.jpg. Original attribution: Own work. Resized and re-encoded; no subject alteration."
Geococcyx californianus,オオミチバシリ,commons-179281723,primary_candidate,Polinova,Wikimedia Commons,https://commons.wikimedia.org/wiki/File:Greater_Roadrunner_Tingley_Beach.jpg,CC BY-SA 4.0,https://creativecommons.org/licenses/by-sa/4.0,"Greater Roadrunner Tingley Beach [Geococcyx californianus] — Polinova / Wikimedia Commons, CC BY-SA 4.0 (https://creativecommons.org/licenses/by-sa/4.0); source: https://commons.wikimedia.org/wiki/File:Greater_Roadrunner_Tingley_Beach.jpg. Original attribution: Own work. Resized and re-encoded; no subject alteration."
Ginkgo biloba,イチョウ,commons-16362112,primary_candidate,EecherplazGinkgo06.jpg : Cayambe derivative work: Ginkgotree ( talk ),Wikimedia Commons,https://commons.wikimedia.org/wiki/File:GINKGOBAUM-2.jpg,CC BY-SA 3.0,https://creativecommons.org/licenses/by-sa/3.0,"GINKGOBAUM-2 [Ginkgo biloba] — EecherplazGinkgo06.jpg : Cayambe derivative work: Ginkgotree ( talk ) / Wikimedia Commons, CC BY-SA 3.0 (https://creativecommons.org/licenses/by-sa/3.0); source: https://commons.wikimedia.org/wiki/File:GINKGOBAUM-2.jpg. Original attribution: https://www.ginkgo-ratgeber.info/baum-pflanzen-schneiden-und-pflegen.html. Resized and re-encoded; no subject alteration."
Giraffa camelopardalis,キリン,commons-79600042,primary_candidate,Thomas Fuhrmann,Wikimedia Commons,https://commons.wikimedia.org/wiki/File:Rothschild%27s_giraffe_(Giraffa_camelopardalis_rothschildi)_-_Murchison_Falls_National_Park.jpg,CC BY-SA 4.0,https://creativecommons.org/licenses/by-sa/4.0,"Rothschild's giraffe (Giraffa camelopardalis rothschildi) - Murchison Falls National Park [Giraffa camelopardalis] — Thomas Fuhrmann / Wikimedia Commons, CC BY-SA 4.0 (https://creativecommons.org/licenses/by-sa/4.0); source: https://commons.wikimedia.org/wiki/File:Rothschild%27s_giraffe_(Giraffa_camelopardalis_rothschildi)_-_Murchison_Falls_National_Park.jpg. Original attribution: Own work. Resized and re-encoded; no subject alteration."
Goliathus goliatus,ゴライアスオオツノハナムグリ,commons-17645034,supplementary_only,Didier Descouens,Wikimedia Commons,https://commons.wikimedia.org/wiki/File:Goliathus_goliatus_vol.jpg,CC BY-SA 4.0,https://creativecommons.org/licenses/by-sa/4.0,"Goliathus goliatus vol [Goliathus goliatus] — Didier Descouens / Wikimedia Commons, CC BY-SA 4.0 (https://creativecommons.org/licenses/by-sa/4.0); source: https://commons.wikimedia.org/wiki/File:Goliathus_goliatus_vol.jpg. Original attribution: Own work. Resized and re-encoded; no subject alteration."
Gopherus agassizii,サバクゴファーガメ,commons-4033692,primary_candidate,Tigerhawkvok,Wikimedia Commons,https://commons.wikimedia.org/wiki/File:Gopherus_agassizii.jpg,CC BY-SA 3.0,https://creativecommons.org/licenses/by-sa/3.0,"Gopherus agassizii [Gopherus agassizii] — Tigerhawkvok / Wikimedia Commons, CC BY-SA 3.0 (https://creativecommons.org/licenses/by-sa/3.0); source: https://commons.wikimedia.org/wiki/File:Gopherus_agassizii.jpg. Original attribution: Own work. Resized and re-encoded; no subject alteration."
Gorilla beringei,ヒガシゴリラ,commons-71709549,primary_candidate,Daniel Aufgang,Wikimedia Commons,https://commons.wikimedia.org/wiki/File:Male_Gorilla_(181091305).jpg,CC BY 3.0,https://creativecommons.org/licenses/by/3.0,"Male Gorilla [Gorilla beringei] — Daniel Aufgang / Wikimedia Commons, CC BY 3.0 (https://creativecommons.org/licenses/by/3.0); source: https://commons.wikimedia.org/wiki/File:Male_Gorilla_(181091305).jpg. Original attribution: Imported from 500px ( archived version ) by the Archive Team . ( detail page ). Resized and re-encoded; no subject alteration."
Gorilla gorilla,ニシゴリラ,commons-7283971,primary_candidate,Brocken Inaglory,Wikimedia Commons,https://commons.wikimedia.org/wiki/File:Male_gorilla_in_SF_zoo.jpg,CC BY-SA 3.0,https://creativecommons.org/licenses/by-sa/3.0,"Male gorilla in SF zoo [Gorilla gorilla] — Brocken Inaglory / Wikimedia Commons, CC BY-SA 3.0 (https://creativecommons.org/licenses/by-sa/3.0); source: https://commons.wikimedia.org/wiki/File:Male_gorilla_in_SF_zoo.jpg. Original attribution: Own work. Resized and re-encoded; no subject alteration."
Grus japonensis,タンチョウ,commons-19059007,primary_candidate,"Alastair Rae from London, United Kingdom",Wikimedia Commons,"https://commons.wikimedia.org/wiki/File:Grus_japonensis_-Hokkaido,_Japan_-several-8_(1).jpg",CC BY-SA 2.0,https://creativecommons.org/licenses/by-sa/2.0,"Grus japonensis -Hokkaido, Japan -several-8 (1) [Grus japonensis] — Alastair Rae from London, United Kingdom / Wikimedia Commons, CC BY-SA 2.0 (https://creativecommons.org/licenses/by-sa/2.0); source: https://commons.wikimedia.org/wiki/File:Grus_japonensis_-Hokkaido,_Japan_-several-8_(1).jpg. Original attribution: Red-crowned Cranes Uploaded by snowmanradio. Resized and re-encoded; no subject alteration."
Gulo gulo,クズリ,commons-31795617,primary_candidate,Esquilo,Wikimedia Commons,https://commons.wikimedia.org/wiki/File:J%C3%A4rv1.jpg,CC BY-SA 3.0,https://creativecommons.org/licenses/by-sa/3.0,"Järv1 [Gulo gulo] — Esquilo / Wikimedia Commons, CC BY-SA 3.0 (https://creativecommons.org/licenses/by-sa/3.0); source: https://commons.wikimedia.org/wiki/File:J%C3%A4rv1.jpg. Original attribution: Johan Fredriksson. Resized and re-encoded; no subject alteration."
Gymnogyps californianus,カリフォルニアコンドル,commons-45477993,primary_candidate,"Don Graham from Redlands, CA, USA - God bless it!",Wikimedia Commons,https://commons.wikimedia.org/wiki/File:California-condor-gymnogyps-californianus-078_(21196759264).jpg,CC BY-SA 2.0,https://creativecommons.org/licenses/by-sa/2.0,"California-condor-gymnogyps-californianus-078 (21196759264) [Gymnogyps californianus] — Don Graham from Redlands, CA, USA - God bless it! / Wikimedia Commons, CC BY-SA 2.0 (https://creativecommons.org/licenses/by-sa/2.0); source: https://commons.wikimedia.org/wiki/File:California-condor-gymnogyps-californianus-078_(21196759264).jpg. Original attribution: california-condor-gymnogyps-californianus-078. Resized and re-encoded; no subject alteration."
Haliaeetus albicilla,オジロワシ,commons-130665095,primary_candidate,"Bengt Nyman from Vaxholm, Sweden",Wikimedia Commons,https://commons.wikimedia.org/wiki/File:NZ7_5265_(52812350718).jpg,CC BY-SA 2.0,https://creativecommons.org/licenses/by-sa/2.0,"NZ7 5265 (52812350718) [Haliaeetus albicilla] — Bengt Nyman from Vaxholm, Sweden / Wikimedia Commons, CC BY-SA 2.0 (https://creativecommons.org/licenses/by-sa/2.0); source: https://commons.wikimedia.org/wiki/File:NZ7_5265_(52812350718).jpg. Original attribution: NZ7_5265. Resized and re-encoded; no subject alteration."
Haliaeetus leucocephalus,ハクトウワシ,commons-61980497,primary_candidate,"Andy Morffew from Itchen Abbas, Hampshire, UK",Wikimedia Commons,https://commons.wikimedia.org/wiki/File:Bald_eagle_about_to_fly_in_Alaska_(2016).jpg,CC BY 2.0,https://creativecommons.org/licenses/by/2.0,"Bald eagle about to fly in Alaska (2016) [Haliaeetus leucocephalus] — Andy Morffew from Itchen Abbas, Hampshire, UK / Wikimedia Commons, CC BY 2.0 (https://creativecommons.org/licenses/by/2.0); source: https://commons.wikimedia.org/wiki/File:Bald_eagle_about_to_fly_in_Alaska_(2016).jpg. Original attribution: Andy Morffew. Resized and re-encoded; no subject alteration."
Helarctos malayanus,マレーグマ,commons-95952469,primary_candidate,Rushenb,Wikimedia Commons,https://commons.wikimedia.org/wiki/File:Sun-bear.jpg,CC BY-SA 4.0,https://creativecommons.org/licenses/by-sa/4.0,"Sun-bear [Helarctos malayanus] — Rushenb / Wikimedia Commons, CC BY-SA 4.0 (https://creativecommons.org/licenses/by-sa/4.0); source: https://commons.wikimedia.org/wiki/File:Sun-bear.jpg. Original attribution: Own work. Resized and re-encoded; no subject alteration."
Helix pomatia,エスカルゴ（リンゴマイマイ）,commons-2449756,primary_candidate,Waugsberg,Wikimedia Commons,https://commons.wikimedia.org/wiki/File:Helix_pomatia_89a.jpg,CC BY-SA 3.0,https://creativecommons.org/licenses/by-sa/3.0/,"Helix pomatia 89a [Helix pomatia] — Waugsberg / Wikimedia Commons, CC BY-SA 3.0 (https://creativecommons.org/licenses/by-sa/3.0/); source: https://commons.wikimedia.org/wiki/File:Helix_pomatia_89a.jpg. Original attribution: Own work. Resized and re-encoded; no subject alteration."
Heloderma suspectum,アメリカドクトカゲ,commons-2292282,primary_candidate,Blueag9,Wikimedia Commons,https://commons.wikimedia.org/wiki/File:Gila_monster2.JPG,CC BY-SA 3.0,https://creativecommons.org/licenses/by-sa/3.0/,"Gila monster2 [Heloderma suspectum] — Blueag9 / Wikimedia Commons, CC BY-SA 3.0 (https://creativecommons.org/licenses/by-sa/3.0/); source: https://commons.wikimedia.org/wiki/File:Gila_monster2.JPG. Original attribution: I, Blueag9. Resized and re-encoded; no subject alteration."
Hippocampus kuda,タツノオトシゴ,commons-86906652,primary_candidate,Emőke Dénes,Wikimedia Commons,https://commons.wikimedia.org/wiki/File:Hal_-_Hippocampus_kuda_-_4.jpg,CC BY-SA 4.0,https://creativecommons.org/licenses/by-sa/4.0,"Hal - Hippocampus kuda - 4 [Hippocampus kuda] — Emőke Dénes / Wikimedia Commons, CC BY-SA 4.0 (https://creativecommons.org/licenses/by-sa/4.0); source: https://commons.wikimedia.org/wiki/File:Hal_-_Hippocampus_kuda_-_4.jpg. Original attribution: kindly granted by the author. Resized and re-encoded; no subject alteration."
Hippoglossus hippoglossus,タイセイヨウオヒョウ,commons-177906330,supplementary_only,Vsevolod Rudyi,Wikimedia Commons,https://commons.wikimedia.org/wiki/File:Hippoglossus_hippoglossus_196509307.jpg,CC BY 4.0,https://creativecommons.org/licenses/by/4.0,"Hippoglossus hippoglossus 196509307 [Hippoglossus hippoglossus] — Vsevolod Rudyi / Wikimedia Commons, CC BY 4.0 (https://creativecommons.org/licenses/by/4.0); source: https://commons.wikimedia.org/wiki/File:Hippoglossus_hippoglossus_196509307.jpg. Original attribution: https://www.inaturalist.org/photos/196509307. Resized and re-encoded; no subject alteration."
Hippopotamus amphibius,カバ,commons-121282994,primary_candidate,Muhammad Mahdi Karim,Wikimedia Commons,https://commons.wikimedia.org/wiki/File:Portrait_Hippopotamus_in_the_water.jpg,CC BY-SA 4.0,https://creativecommons.org/licenses/by-sa/4.0,"Portrait Hippopotamus in the water [Hippopotamus amphibius] — Muhammad Mahdi Karim / Wikimedia Commons, CC BY-SA 4.0 (https://creativecommons.org/licenses/by-sa/4.0); source: https://commons.wikimedia.org/wiki/File:Portrait_Hippopotamus_in_the_water.jpg. Original attribution: Own work. Resized and re-encoded; no subject alteration."
Holothuria atra,クロナマコ,commons-30833102,primary_candidate,Philippe Bourjon,Wikimedia Commons,https://commons.wikimedia.org/wiki/File:Holothuria_atra.jpg,CC BY-SA 3.0,https://creativecommons.org/licenses/by-sa/3.0,"Holothuria atra [Holothuria atra] — Philippe Bourjon / Wikimedia Commons, CC BY-SA 3.0 (https://creativecommons.org/licenses/by-sa/3.0); source: https://commons.wikimedia.org/wiki/File:Holothuria_atra.jpg. Original attribution: Don de l'auteur à Wikimedia.. Resized and re-encoded; no subject alteration."
Hordeum vulgare,オオムギ,commons-25486048,supplementary_only,"Cliff from Arlington, Virginia, USA",Wikimedia Commons,https://commons.wikimedia.org/wiki/File:Barley_(Hordeum_vulgare)_-_United_States_National_Arboretum_-_24_May_2009.jpg,CC BY 2.0,https://creativecommons.org/licenses/by/2.0,"Barley (Hordeum vulgare) - United States National Arboretum - 24 May 2009 [Hordeum vulgare] — Cliff from Arlington, Virginia, USA / Wikimedia Commons, CC BY 2.0 (https://creativecommons.org/licenses/by/2.0); source: https://commons.wikimedia.org/wiki/File:Barley_(Hordeum_vulgare)_-_United_States_National_Arboretum_-_24_May_2009.jpg. Original attribution: Barley (Hordeum vulgare). Resized and re-encoded; no subject alteration."
Hyaena hyaena,シマハイエナ,commons-179836122,primary_candidate,Tisha Mukherjee,Wikimedia Commons,https://commons.wikimedia.org/wiki/File:Striped_hyena_in_Bhigwan_August_2025_by_Tisha_Mukherjee_07_(cropped).jpg,CC BY-SA 4.0,https://creativecommons.org/licenses/by-sa/4.0,"Striped hyena in Bhigwan August 2025 by Tisha Mukherjee 07 (cropped) [Hyaena hyaena] — Tisha Mukherjee / Wikimedia Commons, CC BY-SA 4.0 (https://creativecommons.org/licenses/by-sa/4.0); source: https://commons.wikimedia.org/wiki/File:Striped_hyena_in_Bhigwan_August_2025_by_Tisha_Mukherjee_07_(cropped).jpg. Original attribution: Own work. Resized and re-encoded; no subject alteration."
Hydrochoerus hydrochaeris,カピバラ,commons-186312724,primary_candidate,Giles Laurent,Wikimedia Commons,https://commons.wikimedia.org/wiki/File:Capybaracropped.jpg,CC BY-SA 4.0,https://creativecommons.org/licenses/by-sa/4.0,"Capybaracropped [Hydrochoerus hydrochaeris] — Giles Laurent / Wikimedia Commons, CC BY-SA 4.0 (https://creativecommons.org/licenses/by-sa/4.0); source: https://commons.wikimedia.org/wiki/File:Capybaracropped.jpg. Original attribution: Wikimedia Commons. Resized and re-encoded; no subject alteration."
Hyla cinerea,アメリカアマガエル,commons-10762332,primary_candidate,Brian Gratwicke,Wikimedia Commons,https://commons.wikimedia.org/wiki/File:Green_treefrog.jpg,CC BY 2.0,https://creativecommons.org/licenses/by/2.0,"Green treefrog [Hyla cinerea] — Brian Gratwicke / Wikimedia Commons, CC BY 2.0 (https://creativecommons.org/licenses/by/2.0); source: https://commons.wikimedia.org/wiki/File:Green_treefrog.jpg. Original attribution: originally posted to Flickr as Green treefrog. Resized and re-encoded; no subject alteration."
Hylobates lar,シロテテナガザル,commons-1493182,primary_candidate,User:MatthiasKabel,Wikimedia Commons,https://commons.wikimedia.org/wiki/File:Hylobates_lar_pair_of_white_and_black_01.jpg,CC BY 2.5,https://creativecommons.org/licenses/by/2.5,"Hylobates lar pair of white and black 01 [Hylobates lar] — User:MatthiasKabel / Wikimedia Commons, CC BY 2.5 (https://creativecommons.org/licenses/by/2.5); source: https://commons.wikimedia.org/wiki/File:Hylobates_lar_pair_of_white_and_black_01.jpg. Original attribution: Own work at Zoo Salzburg. Resized and re-encoded; no subject alteration."
Hystrix cristata,アフリカタテガミヤマアラシ,commons-8470248,primary_candidate,Quartl,Wikimedia Commons,https://commons.wikimedia.org/wiki/File:Hystrix_cristata_qtl1.jpg,CC BY-SA 3.0,https://creativecommons.org/licenses/by-sa/3.0,"Hystrix cristata qtl1 [Hystrix cristata] — Quartl / Wikimedia Commons, CC BY-SA 3.0 (https://creativecommons.org/licenses/by-sa/3.0); source: https://commons.wikimedia.org/wiki/File:Hystrix_cristata_qtl1.jpg. Original attribution: Own work. Resized and re-encoded; no subject alteration."
Iguana iguana,グリーンイグアナ,commons-10348413,primary_candidate,Hans Hillewaert,Wikimedia Commons,https://commons.wikimedia.org/wiki/File:Iguana_iguana_(male_resting).jpg,CC BY-SA 4.0,https://creativecommons.org/licenses/by-sa/4.0,"Iguana iguana (male resting) [Iguana iguana] — Hans Hillewaert / Wikimedia Commons, CC BY-SA 4.0 (https://creativecommons.org/licenses/by-sa/4.0); source: https://commons.wikimedia.org/wiki/File:Iguana_iguana_(male_resting).jpg. Original attribution: © Hans Hillewaert. Resized and re-encoded; no subject alteration."
Indri indri,インドリ,commons-75864382,primary_candidate,Charles J. Sharp,Wikimedia Commons,https://commons.wikimedia.org/wiki/File:Indri_(Indri_indri).jpg,CC BY-SA 4.0,https://creativecommons.org/licenses/by-sa/4.0,"Indri (Indri indri) [Indri indri] — Charles J. Sharp / Wikimedia Commons, CC BY-SA 4.0 (https://creativecommons.org/licenses/by-sa/4.0); source: https://commons.wikimedia.org/wiki/File:Indri_(Indri_indri).jpg. Original attribution: Own work , from Sharp Photography, sharpphotography.co.uk. Resized and re-encoded; no subject alteration."
Istiophorus platypterus,バショウカジキ,commons-98517139,supplementary_only,Robert Webster,Wikimedia Commons,https://commons.wikimedia.org/wiki/File:Istiophorus_platypterus_101956558.jpg,CC BY-SA 4.0,https://creativecommons.org/licenses/by-sa/4.0,"Istiophorus platypterus 101956558 [Istiophorus platypterus] — Robert Webster / Wikimedia Commons, CC BY-SA 4.0 (https://creativecommons.org/licenses/by-sa/4.0); source: https://commons.wikimedia.org/wiki/File:Istiophorus_platypterus_101956558.jpg. Original attribution: https://www.inaturalist.org/photos/101956558. Resized and re-encoded; no subject alteration."
Isurus oxyrinchus,アオザメ,commons-181942526,primary_candidate,Fábio Olmos,Wikimedia Commons,https://commons.wikimedia.org/wiki/File:Shortfin_mako_(Isurus_oxyrinchus).jpg,CC BY 4.0,https://creativecommons.org/licenses/by/4.0,"Shortfin mako (Isurus oxyrinchus) [Isurus oxyrinchus] — Fábio Olmos / Wikimedia Commons, CC BY 4.0 (https://creativecommons.org/licenses/by/4.0); source: https://commons.wikimedia.org/wiki/File:Shortfin_mako_(Isurus_oxyrinchus).jpg. Original attribution: https://www.inaturalist.org/photos/74638241. Resized and re-encoded; no subject alteration."
Lama glama,リャマ,commons-99234035,primary_candidate,Andrija12345678,Wikimedia Commons,"https://commons.wikimedia.org/wiki/File:Llamas,_Vernagt-Stausee,_Italy.jpg",CC BY-SA 4.0,https://creativecommons.org/licenses/by-sa/4.0,"Llamas, Vernagt-Stausee, Italy [Lama glama] — Andrija12345678 / Wikimedia Commons, CC BY-SA 4.0 (https://creativecommons.org/licenses/by-sa/4.0); source: https://commons.wikimedia.org/wiki/File:Llamas,_Vernagt-Stausee,_Italy.jpg. Original attribution: Own work. Resized and re-encoded; no subject alteration."
Lasius niger,ラシウス・ニゲル,commons-40573443,primary_candidate,"Katja Schulz from Washington, D. C., USA",Wikimedia Commons,https://commons.wikimedia.org/wiki/File:Black_Garden_Ant_tending_Citrus_Mealybug_(16063538972).jpg,CC BY 2.0,https://creativecommons.org/licenses/by/2.0,"Black Garden Ant tending Citrus Mealybug (16063538972) [Lasius niger] — Katja Schulz from Washington, D. C., USA / Wikimedia Commons, CC BY 2.0 (https://creativecommons.org/licenses/by/2.0); source: https://commons.wikimedia.org/wiki/File:Black_Garden_Ant_tending_Citrus_Mealybug_(16063538972).jpg. Original attribution: Black Garden Ant tending Citrus Mealybug. Resized and re-encoded; no subject alteration."
Lemur catta,ワオキツネザル,commons-75870154,primary_candidate,Charles J. Sharp,Wikimedia Commons,https://commons.wikimedia.org/wiki/File:Ring-tailed_lemur_(Lemur_catta).jpg,CC BY-SA 4.0,https://creativecommons.org/licenses/by-sa/4.0,"Ring-tailed lemur (Lemur catta) [Lemur catta] — Charles J. Sharp / Wikimedia Commons, CC BY-SA 4.0 (https://creativecommons.org/licenses/by-sa/4.0); source: https://commons.wikimedia.org/wiki/File:Ring-tailed_lemur_(Lemur_catta).jpg. Original attribution: Own work , from Sharp Photography, sharpphotography.co.uk. Resized and re-encoded; no subject alteration."
Lentinula edodes,シイタケ,commons-7304024,primary_candidate,"frankenstoen from Portland, Oregon",Wikimedia Commons,https://commons.wikimedia.org/wiki/File:Shiitakegrowing.jpg,CC BY 2.0,https://creativecommons.org/licenses/by/2.0,"Shiitakegrowing [Lentinula edodes] — frankenstoen from Portland, Oregon / Wikimedia Commons, CC BY 2.0 (https://creativecommons.org/licenses/by/2.0); source: https://commons.wikimedia.org/wiki/File:Shiitakegrowing.jpg. Original attribution: Shiitake Mushrooms. Resized and re-encoded; no subject alteration."
Lepidochelys kempii,ケンプヒメウミガメ,commons-27105585,primary_candidate,U.S. Fish and Wildlife Service Southeast Region,Wikimedia Commons,https://commons.wikimedia.org/wiki/File:Lepidochelys_kempii.jpg,CC BY 2.0,https://creativecommons.org/licenses/by/2.0,"Lepidochelys kempii [Lepidochelys kempii] — U.S. Fish and Wildlife Service Southeast Region / Wikimedia Commons, CC BY 2.0 (https://creativecommons.org/licenses/by/2.0); source: https://commons.wikimedia.org/wiki/File:Lepidochelys_kempii.jpg. Original attribution: https://www.flickr.com/photos/usfwssoutheast/8904425989/. Resized and re-encoded; no subject alteration."
Leptoptilos crumenifer,アフリカハゲコウ,commons-54788428,primary_candidate,Charles J. Sharp,Wikimedia Commons,https://commons.wikimedia.org/wiki/File:Marabou_stork_(Leptoptilos_crumenifer).jpg,CC BY-SA 4.0,https://creativecommons.org/licenses/by-sa/4.0,"Marabou stork (Leptoptilos crumenifer) [Leptoptilos crumenifer] — Charles J. Sharp / Wikimedia Commons, CC BY-SA 4.0 (https://creativecommons.org/licenses/by-sa/4.0); source: https://commons.wikimedia.org/wiki/File:Marabou_stork_(Leptoptilos_crumenifer).jpg. Original attribution: Own work , from Sharp Photography, sharpphotography. Resized and re-encoded; no subject alteration."
Limulus polyphemus,アメリカカブトガニ,commons-15277132,primary_candidate,Hans Hillewaert,Wikimedia Commons,https://commons.wikimedia.org/wiki/File:Limulus_polyphemus_(aq.).jpg,CC BY-SA 4.0,https://creativecommons.org/licenses/by-sa/4.0,"Limulus polyphemus (aq.) [Limulus polyphemus] — Hans Hillewaert / Wikimedia Commons, CC BY-SA 4.0 (https://creativecommons.org/licenses/by-sa/4.0); source: https://commons.wikimedia.org/wiki/File:Limulus_polyphemus_(aq.).jpg. Original attribution: © Hans Hillewaert. Resized and re-encoded; no subject alteration."
Linckia laevigata,アオヒトデ,commons-32877827,primary_candidate,dr.scott.mills,Wikimedia Commons,https://commons.wikimedia.org/wiki/File:Linckia_laevigata_Tonga.jpg,CC BY-SA 2.0,https://creativecommons.org/licenses/by-sa/2.0,"Linckia laevigata Tonga [Linckia laevigata] — dr.scott.mills / Wikimedia Commons, CC BY-SA 2.0 (https://creativecommons.org/licenses/by-sa/2.0); source: https://commons.wikimedia.org/wiki/File:Linckia_laevigata_Tonga.jpg. Original attribution: Flickr : PA300576. Resized and re-encoded; no subject alteration."
Lissachatina fulica,アフリカマイマイ,commons-15400154,primary_candidate,Alexander R. Jenner,Wikimedia Commons,"https://commons.wikimedia.org/wiki/File:Snail_in_Ubud,_Bali,_2010_(1).jpg",CC BY-SA 3.0,https://creativecommons.org/licenses/by-sa/3.0,"Snail in Ubud, Bali, 2010 (1) [Lissachatina fulica] — Alexander R. Jenner / Wikimedia Commons, CC BY-SA 3.0 (https://creativecommons.org/licenses/by-sa/3.0); source: https://commons.wikimedia.org/wiki/File:Snail_in_Ubud,_Bali,_2010_(1).jpg. Original attribution: Own work. Resized and re-encoded; no subject alteration."
Lithobates catesbeianus,ウシガエル,commons-528421,primary_candidate,Carl D. Howe,Wikimedia Commons,https://commons.wikimedia.org/wiki/File:North-American-bullfrog1.jpg,CC BY-SA 2.5,https://creativecommons.org/licenses/by-sa/2.5,"North-American-bullfrog1 [Lithobates catesbeianus] — Carl D. Howe / Wikimedia Commons, CC BY-SA 2.5 (https://creativecommons.org/licenses/by-sa/2.5); source: https://commons.wikimedia.org/wiki/File:North-American-bullfrog1.jpg. Original attribution: Carl D. Howe , Stow, MA USA. Resized and re-encoded; no subject alteration."
Loligo vulgaris,ヨーロッパヤリイカ,commons-385705,primary_candidate,Hans Hillewaert,Wikimedia Commons,https://commons.wikimedia.org/wiki/File:Loligo_vulgaris.jpg,CC BY-SA 4.0,https://creativecommons.org/licenses/by-sa/4.0,"Loligo vulgaris [Loligo vulgaris] — Hans Hillewaert / Wikimedia Commons, CC BY-SA 4.0 (https://creativecommons.org/licenses/by-sa/4.0); source: https://commons.wikimedia.org/wiki/File:Loligo_vulgaris.jpg. Original attribution: © Hans Hillewaert. Resized and re-encoded; no subject alteration."
Loxodonta africana,アフリカゾウ,commons-180972909,primary_candidate,Giles Laurent,Wikimedia Commons,https://commons.wikimedia.org/wiki/File:178_Male_African_bush_elephant_in_Etosha_National_Park_Photo_by_Giles_Laurent.jpg,CC BY-SA 4.0,https://creativecommons.org/licenses/by-sa/4.0,"178 Male African bush elephant in Etosha National Park Photo by Giles Laurent [Loxodonta africana] — Giles Laurent / Wikimedia Commons, CC BY-SA 4.0 (https://creativecommons.org/licenses/by-sa/4.0); source: https://commons.wikimedia.org/wiki/File:178_Male_African_bush_elephant_in_Etosha_National_Park_Photo_by_Giles_Laurent.jpg. Original attribution: Own work. Resized and re-encoded; no subject alteration."
Lycaon pictus,リカオン,commons-144188629,primary_candidate,AfricanConservation,Wikimedia Commons,https://commons.wikimedia.org/wiki/File:African_Wild_Dog_at_Working_with_Wildlife.jpg,CC BY-SA 4.0,https://creativecommons.org/licenses/by-sa/4.0,"African Wild Dog at Working with Wildlife [Lycaon pictus] — AfricanConservation / Wikimedia Commons, CC BY-SA 4.0 (https://creativecommons.org/licenses/by-sa/4.0); source: https://commons.wikimedia.org/wiki/File:African_Wild_Dog_at_Working_with_Wildlife.jpg. Original attribution: Own work , from Working with Wildlife. Resized and re-encoded; no subject alteration."
Lynx lynx,ユーラシアオオヤマネコ,commons-6358217,primary_candidate,Aconcagua ( talk ),Wikimedia Commons,https://commons.wikimedia.org/wiki/File:Lynx_Nationalpark_Bayerischer_Wald_01.jpg,CC BY-SA 3.0,https://creativecommons.org/licenses/by-sa/3.0,"Lynx Nationalpark Bayerischer Wald 01 [Lynx lynx] — Aconcagua ( talk ) / Wikimedia Commons, CC BY-SA 3.0 (https://creativecommons.org/licenses/by-sa/3.0); source: https://commons.wikimedia.org/wiki/File:Lynx_Nationalpark_Bayerischer_Wald_01.jpg. Original attribution: Own work. Resized and re-encoded; no subject alteration."
Macaca fuscata,ニホンザル,commons-91398831,primary_candidate,Rocktendo & Adam Gman,Wikimedia Commons,https://commons.wikimedia.org/wiki/File:Japanese_Snow_Monkey_(Macaque)_Mother_Grooms_Her_Young.jpg,CC BY-SA 4.0,https://creativecommons.org/licenses/by-sa/4.0,"Japanese Snow Monkey (Macaque) Mother Grooms Her Young [Macaca fuscata] — Rocktendo & Adam Gman / Wikimedia Commons, CC BY-SA 4.0 (https://creativecommons.org/licenses/by-sa/4.0); source: https://commons.wikimedia.org/wiki/File:Japanese_Snow_Monkey_(Macaque)_Mother_Grooms_Her_Young.jpg. Original attribution: Own work. Resized and re-encoded; no subject alteration."
Macaca mulatta,アカゲザル,commons-84763869,primary_candidate,Charles J. Sharp,Wikimedia Commons,"https://commons.wikimedia.org/wiki/File:Rhesus_macaque_(Macaca_mulatta_mulatta),_male,_Gokarna.jpg",CC BY-SA 4.0,https://creativecommons.org/licenses/by-sa/4.0,"Rhesus macaque (Macaca mulatta mulatta), male, Gokarna [Macaca mulatta] — Charles J. Sharp / Wikimedia Commons, CC BY-SA 4.0 (https://creativecommons.org/licenses/by-sa/4.0); source: https://commons.wikimedia.org/wiki/File:Rhesus_macaque_(Macaca_mulatta_mulatta),_male,_Gokarna.jpg. Original attribution: Own work , from Sharp Photography, sharpphotography.co.uk. Resized and re-encoded; no subject alteration."
Macrocheira kaempferi,タカアシガニ,commons-1487646,supplementary_only,Lycaon (Hans Hillewaert),Wikimedia Commons,https://commons.wikimedia.org/wiki/File:Macrocheira_kaempferi.jpg,CC BY 2.5,https://creativecommons.org/licenses/by/2.5,"Macrocheira kaempferi [Macrocheira kaempferi] — Lycaon (Hans Hillewaert) / Wikimedia Commons, CC BY 2.5 (https://creativecommons.org/licenses/by/2.5); source: https://commons.wikimedia.org/wiki/File:Macrocheira_kaempferi.jpg. Original attribution: Image:Riesenkrabbe.jpg by Michael Wolf. Resized and re-encoded; no subject alteration."
Macropus giganteus,オオカンガルー,commons-83124979,primary_candidate,JJ Harrison ( https://www.jjharrison.com.au/ ),Wikimedia Commons,https://commons.wikimedia.org/wiki/File:Macropus_giganteus_-_Brunkerville.jpg,CC BY-SA 4.0,https://creativecommons.org/licenses/by-sa/4.0,"Macropus giganteus - Brunkerville [Macropus giganteus] — JJ Harrison ( https://www.jjharrison.com.au/ ) / Wikimedia Commons, CC BY-SA 4.0 (https://creativecommons.org/licenses/by-sa/4.0); source: https://commons.wikimedia.org/wiki/File:Macropus_giganteus_-_Brunkerville.jpg. Original attribution: Own work. Resized and re-encoded; no subject alteration."
Magnolia grandiflora,タイサンボク,commons-27938081,supplementary_only,Josep Renalias Lohen11,Wikimedia Commons,https://commons.wikimedia.org/wiki/File:Magn%C3%B2lia_a_Verbania.JPG,CC BY-SA 3.0,https://creativecommons.org/licenses/by-sa/3.0,"Magnòlia a Verbania [Magnolia grandiflora] — Josep Renalias Lohen11 / Wikimedia Commons, CC BY-SA 3.0 (https://creativecommons.org/licenses/by-sa/3.0); source: https://commons.wikimedia.org/wiki/File:Magn%C3%B2lia_a_Verbania.JPG. Original attribution: Own work. Resized and re-encoded; no subject alteration."
Malayopython reticulatus,アミメニシキヘビ,commons-2575280,primary_candidate,This photography was created by Mariluna . Other photos see here .,Wikimedia Commons,https://commons.wikimedia.org/wiki/File:Python_reticulatus_%D1%81%D0%B5%D1%82%D1%87%D0%B0%D1%82%D1%8B%D0%B9_%D0%BF%D0%B8%D1%82%D0%BE%D0%BD-2.jpg,CC BY-SA 3.0,https://creativecommons.org/licenses/by-sa/3.0,"Python reticulatus сетчатый питон-2 [Malayopython reticulatus] — This photography was created by Mariluna . Other photos see here . / Wikimedia Commons, CC BY-SA 3.0 (https://creativecommons.org/licenses/by-sa/3.0); source: https://commons.wikimedia.org/wiki/File:Python_reticulatus_%D1%81%D0%B5%D1%82%D1%87%D0%B0%D1%82%D1%8B%D0%B9_%D0%BF%D0%B8%D1%82%D0%BE%D0%BD-2.jpg. Original attribution: Mariluna. Resized and re-encoded; no subject alteration."
Mandrillus sphinx,マンドリル,commons-49446555,primary_candidate,Katma0601,Wikimedia Commons,https://commons.wikimedia.org/wiki/File:Mandrill_Albert_September_2015_Zoo_Berlin_(2).jpg,CC BY-SA 4.0,https://creativecommons.org/licenses/by-sa/4.0,"Mandrill Albert September 2015 Zoo Berlin (2) [Mandrillus sphinx] — Katma0601 / Wikimedia Commons, CC BY-SA 4.0 (https://creativecommons.org/licenses/by-sa/4.0); source: https://commons.wikimedia.org/wiki/File:Mandrill_Albert_September_2015_Zoo_Berlin_(2).jpg. Original attribution: Own work. Resized and re-encoded; no subject alteration."
Megaptera novaeangliae,ザトウクジラ,commons-197915789,primary_candidate,Juan Cruzado Cortés,Wikimedia Commons,https://commons.wikimedia.org/wiki/File:Humpback_whale_breaching_off_Cabo_San_Lucas.jpg,CC BY 4.0,https://creativecommons.org/licenses/by/4.0,"Humpback whale breaching off Cabo San Lucas [Megaptera novaeangliae] — Juan Cruzado Cortés / Wikimedia Commons, CC BY 4.0 (https://creativecommons.org/licenses/by/4.0); source: https://commons.wikimedia.org/wiki/File:Humpback_whale_breaching_off_Cabo_San_Lucas.jpg. Original attribution: https://www.inaturalist.org/photos/344677883. Resized and re-encoded; no subject alteration."
Meleagris gallopavo,シチメンチョウ,commons-190744733,primary_candidate,Paul Danese,Wikimedia Commons,https://commons.wikimedia.org/wiki/File:20260428_tom_wild_turkey_matthaei_botanical_gardens_PD08952.jpg,CC BY-SA 4.0,https://creativecommons.org/licenses/by-sa/4.0,"20260428 tom wild turkey matthaei botanical gardens PD08952 [Meleagris gallopavo] — Paul Danese / Wikimedia Commons, CC BY-SA 4.0 (https://creativecommons.org/licenses/by-sa/4.0); source: https://commons.wikimedia.org/wiki/File:20260428_tom_wild_turkey_matthaei_botanical_gardens_PD08952.jpg. Original attribution: Own work. Resized and re-encoded; no subject alteration."
Meles meles,ヨーロッパアナグマ,commons-193276380,primary_candidate,Charles J. Sharp,Wikimedia Commons,https://commons.wikimedia.org/wiki/File:European_badger_(Meles_meles_taxus)_Drenthe.jpg,CC BY-SA 4.0,https://creativecommons.org/licenses/by-sa/4.0,"European badger (Meles meles taxus) Drenthe [Meles meles] — Charles J. Sharp / Wikimedia Commons, CC BY-SA 4.0 (https://creativecommons.org/licenses/by-sa/4.0); source: https://commons.wikimedia.org/wiki/File:European_badger_(Meles_meles_taxus)_Drenthe.jpg. Original attribution: Own work , from Sharp Photography, sharpphotography.co.uk. Resized and re-encoded; no subject alteration."
Metasequoia glyptostroboides,メタセコイア,commons-17401131,primary_candidate,Alpsdake,Wikimedia Commons,https://commons.wikimedia.org/wiki/File:Metasequoia_glyptostroboides_in_Forest_park_of_Aichi_Prefecture.jpg,CC BY-SA 3.0,https://creativecommons.org/licenses/by-sa/3.0,"Metasequoia glyptostroboides in Forest park of Aichi Prefecture [Metasequoia glyptostroboides] — Alpsdake / Wikimedia Commons, CC BY-SA 3.0 (https://creativecommons.org/licenses/by-sa/3.0); source: https://commons.wikimedia.org/wiki/File:Metasequoia_glyptostroboides_in_Forest_park_of_Aichi_Prefecture.jpg. Original attribution: Own work. Resized and re-encoded; no subject alteration."
Methanosarcina barkeri,メタノサルキナ・バーケリ,commons-150698617,primary_candidate,Microvenator,Wikimedia Commons,https://commons.wikimedia.org/wiki/File:Methanosarcina_barkeri_MS.jpg,CC BY-SA 4.0,https://creativecommons.org/licenses/by-sa/4.0,"Methanosarcina barkeri MS [Methanosarcina barkeri] — Microvenator / Wikimedia Commons, CC BY-SA 4.0 (https://creativecommons.org/licenses/by-sa/4.0); source: https://commons.wikimedia.org/wiki/File:Methanosarcina_barkeri_MS.jpg. Original attribution: Own work. Resized and re-encoded; no subject alteration."
Monodon monoceros,イッカク,commons-80649069,primary_candidate,"пресс-служба ПАО ""Газпром нефть""",Wikimedia Commons,https://commons.wikimedia.org/wiki/File:%D0%9D%D0%B0%D1%80%D0%B2%D0%B0%D0%BB_%D0%B2_%D1%80%D0%BE%D1%81%D1%81%D0%B8%D0%B9%D1%81%D0%BA%D0%BE%D0%B9_%D0%90%D1%80%D0%BA%D1%82%D0%B8%D0%BA%D0%B5.jpg,CC BY-SA 4.0,https://creativecommons.org/licenses/by-sa/4.0,"Нарвал в российской Арктике [Monodon monoceros] — пресс-служба ПАО ""Газпром нефть"" / Wikimedia Commons, CC BY-SA 4.0 (https://creativecommons.org/licenses/by-sa/4.0); source: https://commons.wikimedia.org/wiki/File:%D0%9D%D0%B0%D1%80%D0%B2%D0%B0%D0%BB_%D0%B2_%D1%80%D0%BE%D1%81%D1%81%D0%B8%D0%B9%D1%81%D0%BA%D0%BE%D0%B9_%D0%90%D1%80%D0%BA%D1%82%D0%B8%D0%BA%D0%B5.jpg. Original attribution: https://media.gazprom-neft.ru/pictures/regions/nature/category1436/2019-06-11_19-19-46__1_.jpeg.htm (broken link) (Photo ""narwhals_zfi19_006.jpg"" in archived page .) https://www.gazprom-media.com/en. Resized and re-encoded; no subject alteration."
Morchella esculenta,アミガサタケ,commons-27753655,primary_candidate,TOMMES-WIKI,Wikimedia Commons,https://commons.wikimedia.org/wiki/File:Morchella_esculenta_-_DE_-_TH_-_2013-05-01_-_01.JPG,CC BY-SA 3.0,https://creativecommons.org/licenses/by-sa/3.0,"Morchella esculenta - DE - TH - 2013-05-01 - 01 [Morchella esculenta] — TOMMES-WIKI / Wikimedia Commons, CC BY-SA 3.0 (https://creativecommons.org/licenses/by-sa/3.0); source: https://commons.wikimedia.org/wiki/File:Morchella_esculenta_-_DE_-_TH_-_2013-05-01_-_01.JPG. Original attribution: Own work. Resized and re-encoded; no subject alteration."
Morus bassanus,シロカツオドリ,commons-339367,primary_candidate,Andreas Trepte,Wikimedia Commons,https://commons.wikimedia.org/wiki/File:Morus_bassanus_adu.jpg,CC BY-SA 2.5,https://creativecommons.org/licenses/by-sa/2.5,"Morus bassanus adu [Morus bassanus] — Andreas Trepte / Wikimedia Commons, CC BY-SA 2.5 (https://creativecommons.org/licenses/by-sa/2.5); source: https://commons.wikimedia.org/wiki/File:Morus_bassanus_adu.jpg. Original attribution: Own work. Resized and re-encoded; no subject alteration."
Musa acuminata,バナナ,commons-4908396,supplementary_only,Miya.m,Wikimedia Commons,https://commons.wikimedia.org/wiki/File:Musa_acuminata_in_india01.jpg,CC BY-SA 3.0,https://creativecommons.org/licenses/by-sa/3.0,"Musa acuminata in india01 [Musa acuminata] — Miya.m / Wikimedia Commons, CC BY-SA 3.0 (https://creativecommons.org/licenses/by-sa/3.0); source: https://commons.wikimedia.org/wiki/File:Musa_acuminata_in_india01.jpg. Original attribution: Miya.m's file. Resized and re-encoded; no subject alteration."
Musca domestica,イエバエ,commons-25727555,primary_candidate,USDAgov,Wikimedia Commons,"https://commons.wikimedia.org/wiki/File:Common_house_fly,_Musca_domestica.jpg",CC BY 2.0,https://creativecommons.org/licenses/by/2.0,"Common house fly, Musca domestica [Musca domestica] — USDAgov / Wikimedia Commons, CC BY 2.0 (https://creativecommons.org/licenses/by/2.0); source: https://commons.wikimedia.org/wiki/File:Common_house_fly,_Musca_domestica.jpg. Original attribution: https://www.flickr.com/photos/usdagov/8674435033/sizes/o/in/photostream/. Resized and re-encoded; no subject alteration."
Myrmecobius fasciatus,ナンバット,commons-179188696,primary_candidate,JJ Harrison,Wikimedia Commons,"https://commons.wikimedia.org/wiki/File:Numbat,_Dryandra_Woodland,_Western_Australia.jpg",CC BY-SA 4.0,https://creativecommons.org/licenses/by-sa/4.0,"Numbat, Dryandra Woodland, Western Australia [Myrmecobius fasciatus] — JJ Harrison / Wikimedia Commons, CC BY-SA 4.0 (https://creativecommons.org/licenses/by-sa/4.0); source: https://commons.wikimedia.org/wiki/File:Numbat,_Dryandra_Woodland,_Western_Australia.jpg. Original attribution: Own work. Resized and re-encoded; no subject alteration."
Mytilus edulis,ヨーロッパイガイ,commons-627728,supplementary_only,Rainer Zenz,Wikimedia Commons,https://commons.wikimedia.org/wiki/File:Miesmuscheln-2.jpg,CC BY-SA 3.0,https://creativecommons.org/licenses/by-sa/3.0/,"Miesmuscheln-2 [Mytilus edulis] — Rainer Zenz / Wikimedia Commons, CC BY-SA 3.0 (https://creativecommons.org/licenses/by-sa/3.0/); source: https://commons.wikimedia.org/wiki/File:Miesmuscheln-2.jpg. Original attribution: Self-published work by Rainer Zenz. Resized and re-encoded; no subject alteration."
Naja naja,インドコブラ,commons-123095959,primary_candidate,Pavan Kumar N,Wikimedia Commons,"https://commons.wikimedia.org/wiki/File:Indian_Cobra,_crop.jpg",CC BY-SA 3.0,https://creativecommons.org/licenses/by-sa/3.0,"Indian Cobra, crop [Naja naja] — Pavan Kumar N / Wikimedia Commons, CC BY-SA 3.0 (https://creativecommons.org/licenses/by-sa/3.0); source: https://commons.wikimedia.org/wiki/File:Indian_Cobra,_crop.jpg. Original attribution: Own work. Resized and re-encoded; no subject alteration."
Nasalis larvatus,テングザル,commons-11323874,primary_candidate,David Dennis,Wikimedia Commons,https://commons.wikimedia.org/wiki/File:Proboscis_Monkey_in_Borneo.jpg,CC BY-SA 2.0,https://creativecommons.org/licenses/by-sa/2.0,"Proboscis Monkey in Borneo [Nasalis larvatus] — David Dennis / Wikimedia Commons, CC BY-SA 2.0 (https://creativecommons.org/licenses/by-sa/2.0); source: https://commons.wikimedia.org/wiki/File:Proboscis_Monkey_in_Borneo.jpg. Original attribution: originally posted to Flickr as Proboscis Monkey in Borneo. Resized and re-encoded; no subject alteration."
Nautilus pompilius,オウムガイ,commons-4657561,primary_candidate,Hans Hillewaert,Wikimedia Commons,https://commons.wikimedia.org/wiki/File:Nautilus_pompilius_(detail).jpg,CC BY-SA 4.0,https://creativecommons.org/licenses/by-sa/4.0,"Nautilus pompilius (detail) [Nautilus pompilius] — Hans Hillewaert / Wikimedia Commons, CC BY-SA 4.0 (https://creativecommons.org/licenses/by-sa/4.0); source: https://commons.wikimedia.org/wiki/File:Nautilus_pompilius_(detail).jpg. Original attribution: © Hans Hillewaert. Resized and re-encoded; no subject alteration."
Necturus maculosus,マッドパピー,commons-159031739,primary_candidate,Peter Paplanus,Wikimedia Commons,"https://commons.wikimedia.org/wiki/File:Gefleckter_Furchenmolch_(Necturus_maculosus),_Seitenansicht.jpg",CC BY 2.0,https://creativecommons.org/licenses/by/2.0,"Gefleckter Furchenmolch (Necturus maculosus), Seitenansicht [Necturus maculosus] — Peter Paplanus / Wikimedia Commons, CC BY 2.0 (https://creativecommons.org/licenses/by/2.0); source: https://commons.wikimedia.org/wiki/File:Gefleckter_Furchenmolch_(Necturus_maculosus),_Seitenansicht.jpg. Original attribution: Flickr. Resized and re-encoded; no subject alteration."
Nelumbo nucifera,ハス,commons-8142220,supplementary_only,T.Voekler,Wikimedia Commons,https://commons.wikimedia.org/wiki/File:Sacred_lotus_Nelumbo_nucifera.jpg,CC BY-SA 3.0,https://creativecommons.org/licenses/by-sa/3.0,"Sacred lotus Nelumbo nucifera [Nelumbo nucifera] — T.Voekler / Wikimedia Commons, CC BY-SA 3.0 (https://creativecommons.org/licenses/by-sa/3.0); source: https://commons.wikimedia.org/wiki/File:Sacred_lotus_Nelumbo_nucifera.jpg. Original attribution: Own work. Resized and re-encoded; no subject alteration."
Neoceratodus forsteri,オーストラリアハイギョ,commons-35725286,primary_candidate,Mitch Ames,Wikimedia Commons,"https://commons.wikimedia.org/wiki/File:Neoceratodus_forsteri,_2014-09-19.JPG",CC BY-SA 4.0,https://creativecommons.org/licenses/by-sa/4.0,"Neoceratodus forsteri, 2014-09-19 [Neoceratodus forsteri] — Mitch Ames / Wikimedia Commons, CC BY-SA 4.0 (https://creativecommons.org/licenses/by-sa/4.0); source: https://commons.wikimedia.org/wiki/File:Neoceratodus_forsteri,_2014-09-19.JPG. Original attribution: Own work. Resized and re-encoded; no subject alteration."
Neofelis nebulosa,ウンピョウ,commons-140651828,supplementary_only,Rushenb,Wikimedia Commons,"https://commons.wikimedia.org/wiki/File:Neofelis_nebulosa,_Clouded_leopard.jpg",CC BY-SA 4.0,https://creativecommons.org/licenses/by-sa/4.0,"Neofelis nebulosa, Clouded leopard [Neofelis nebulosa] — Rushenb / Wikimedia Commons, CC BY-SA 4.0 (https://creativecommons.org/licenses/by-sa/4.0); source: https://commons.wikimedia.org/wiki/File:Neofelis_nebulosa,_Clouded_leopard.jpg. Original attribution: Own work. Resized and re-encoded; no subject alteration."
Nestor notabilis,ミヤマオウム,commons-9029112,primary_candidate,Mark Whatmough,Wikimedia Commons,"https://commons.wikimedia.org/wiki/File:Nestor_notabilis_-Fiordland,_New_Zealand-8b.jpg",CC BY 2.0,https://creativecommons.org/licenses/by/2.0,"Nestor notabilis -Fiordland, New Zealand-8b [Nestor notabilis] — Mark Whatmough / Wikimedia Commons, CC BY 2.0 (https://creativecommons.org/licenses/by/2.0); source: https://commons.wikimedia.org/wiki/File:Nestor_notabilis_-Fiordland,_New_Zealand-8b.jpg. Original attribution: Milford Sound, Key Summit, The Divide, Queenstown. Resized and re-encoded; no subject alteration."
Neurospora crassa,アカパンカビ,commons-25292689,primary_candidate,Roland Gromes,Wikimedia Commons,https://commons.wikimedia.org/wiki/File:Neurospora_crassahyphae.jpg,CC BY-SA 3.0,https://creativecommons.org/licenses/by-sa/3.0,"Neurospora crassahyphae [Neurospora crassa] — Roland Gromes / Wikimedia Commons, CC BY-SA 3.0 (https://creativecommons.org/licenses/by-sa/3.0); source: https://commons.wikimedia.org/wiki/File:Neurospora_crassahyphae.jpg. Original attribution: Own work. Resized and re-encoded; no subject alteration."
Notophthalmus viridescens,アカボシイモリ,commons-8422888,primary_candidate,Brian Gratwicke,Wikimedia Commons,https://commons.wikimedia.org/wiki/File:Redspotted_newt.jpg,CC BY 2.0,https://creativecommons.org/licenses/by/2.0,"Redspotted newt [Notophthalmus viridescens] — Brian Gratwicke / Wikimedia Commons, CC BY 2.0 (https://creativecommons.org/licenses/by/2.0); source: https://commons.wikimedia.org/wiki/File:Redspotted_newt.jpg. Original attribution: Redspotted newt. Resized and re-encoded; no subject alteration."
Nymphaea alba,セイヨウスイレン,commons-66330616,supplementary_only,Jacek Halicki,Wikimedia Commons,https://commons.wikimedia.org/wiki/File:2016_Kwiat_grzybieni_bia%C5%82ych_2.jpg,CC BY-SA 4.0,https://creativecommons.org/licenses/by-sa/4.0,"2016 Kwiat grzybieni białych 2 [Nymphaea alba] — Jacek Halicki / Wikimedia Commons, CC BY-SA 4.0 (https://creativecommons.org/licenses/by-sa/4.0); source: https://commons.wikimedia.org/wiki/File:2016_Kwiat_grzybieni_bia%C5%82ych_2.jpg. Original attribution: Own work. Resized and re-encoded; no subject alteration."
Octopus vulgaris,マダコ,commons-2795257,primary_candidate,albert kok,Wikimedia Commons,https://commons.wikimedia.org/wiki/File:Octopus2.jpg,CC BY-SA 3.0,https://creativecommons.org/licenses/by-sa/3.0,"Octopus2 [Octopus vulgaris] — albert kok / Wikimedia Commons, CC BY-SA 3.0 (https://creativecommons.org/licenses/by-sa/3.0); source: https://commons.wikimedia.org/wiki/File:Octopus2.jpg. Original attribution: Own work. Resized and re-encoded; no subject alteration."
Odobenus rosmarus,セイウチ,commons-48584144,primary_candidate,Nixette,Wikimedia Commons,"https://commons.wikimedia.org/wiki/File:Walrus_in_the_Russian_Arctic_National_Park,_Novaya_Zemlya_2015-2.jpg",CC BY-SA 4.0,https://creativecommons.org/licenses/by-sa/4.0,"Walrus in the Russian Arctic National Park, Novaya Zemlya 2015-2 [Odobenus rosmarus] — Nixette / Wikimedia Commons, CC BY-SA 4.0 (https://creativecommons.org/licenses/by-sa/4.0); source: https://commons.wikimedia.org/wiki/File:Walrus_in_the_Russian_Arctic_National_Park,_Novaya_Zemlya_2015-2.jpg. Original attribution: Own work. Resized and re-encoded; no subject alteration."
Okapia johnstoni,オカピ,commons-65399174,primary_candidate,Daniel Jolivet,Wikimedia Commons,https://commons.wikimedia.org/wiki/File:Saint-Aignan_(Loir-et-Cher)._Okapi.jpg,CC BY 2.0,https://creativecommons.org/licenses/by/2.0,"Saint-Aignan (Loir-et-Cher). Okapi [Okapia johnstoni] — Daniel Jolivet / Wikimedia Commons, CC BY 2.0 (https://creativecommons.org/licenses/by/2.0); source: https://commons.wikimedia.org/wiki/File:Saint-Aignan_(Loir-et-Cher)._Okapi.jpg. Original attribution: https://www.flickr.com/photos/sybarite48/7973333500/. Resized and re-encoded; no subject alteration."
Oophaga pumilio,イチゴヤドクガエル,commons-157299487,primary_candidate,Rhododendrites,Wikimedia Commons,https://commons.wikimedia.org/wiki/File:Strawberry_poison_dart_frog_(70539).jpg,CC BY-SA 4.0,https://creativecommons.org/licenses/by-sa/4.0,"Strawberry poison dart frog (70539) [Oophaga pumilio] — Rhododendrites / Wikimedia Commons, CC BY-SA 4.0 (https://creativecommons.org/licenses/by-sa/4.0); source: https://commons.wikimedia.org/wiki/File:Strawberry_poison_dart_frog_(70539).jpg. Original attribution: Own work. Resized and re-encoded; no subject alteration."
Ophiocordyceps unilateralis,タイワンアリタケ,commons-17917778,primary_candidate,"David P. Hughes, Maj-Britt Pontoppidan",Wikimedia Commons,https://commons.wikimedia.org/wiki/File:Ophiocordyceps_unilateralis.png,CC BY 2.5,https://creativecommons.org/licenses/by/2.5,"Ophiocordyceps unilateralis [Ophiocordyceps unilateralis] — David P. Hughes, Maj-Britt Pontoppidan / Wikimedia Commons, CC BY 2.5 (https://creativecommons.org/licenses/by/2.5); source: https://commons.wikimedia.org/wiki/File:Ophiocordyceps_unilateralis.png. Original attribution: https://journals.plos.org/plosone/article?id=10.1371/journal.pone.0004835. Resized and re-encoded; no subject alteration."
Ophiophagus hannah,キングコブラ,commons-25482569,primary_candidate,"Michael Allen Smith from Seattle, USA",Wikimedia Commons,https://commons.wikimedia.org/wiki/File:12_-_The_Mystical_King_Cobra_and_Coffee_Forests.jpg,CC BY-SA 2.0,https://creativecommons.org/licenses/by-sa/2.0,"12 - The Mystical King Cobra and Coffee Forests [Ophiophagus hannah] — Michael Allen Smith from Seattle, USA / Wikimedia Commons, CC BY-SA 2.0 (https://creativecommons.org/licenses/by-sa/2.0); source: https://commons.wikimedia.org/wiki/File:12_-_The_Mystical_King_Cobra_and_Coffee_Forests.jpg. Original attribution: 12 - The Mystical King Cobra and Coffee Forests. Resized and re-encoded; no subject alteration."
Oreamnos americanus,シロイワヤギ,commons-75878318,primary_candidate,Adam Schneider,Wikimedia Commons,"https://commons.wikimedia.org/wiki/File:Mountain_Goat,_Enchantments_Basin.jpg",CC BY-SA 4.0,https://creativecommons.org/licenses/by-sa/4.0,"Mountain Goat, Enchantments Basin [Oreamnos americanus] — Adam Schneider / Wikimedia Commons, CC BY-SA 4.0 (https://creativecommons.org/licenses/by-sa/4.0); source: https://commons.wikimedia.org/wiki/File:Mountain_Goat,_Enchantments_Basin.jpg. Original attribution: Own work. Resized and re-encoded; no subject alteration."
Ornithorhynchus anatinus,カモノハシ,commons-143656029,primary_candidate,Charles J. Sharp,Wikimedia Commons,https://commons.wikimedia.org/wiki/File:Duck-billed_platypus_(Ornithorhynchus_anatinus)_Scottsdale.jpg,CC BY-SA 4.0,https://creativecommons.org/licenses/by-sa/4.0,"Duck-billed platypus (Ornithorhynchus anatinus) Scottsdale [Ornithorhynchus anatinus] — Charles J. Sharp / Wikimedia Commons, CC BY-SA 4.0 (https://creativecommons.org/licenses/by-sa/4.0); source: https://commons.wikimedia.org/wiki/File:Duck-billed_platypus_(Ornithorhynchus_anatinus)_Scottsdale.jpg. Original attribution: Own work , from Sharp Photography, sharpphotography.co.uk. Resized and re-encoded; no subject alteration."
Orycteropus afer,ツチブタ,commons-134253363,primary_candidate,Kelly Abram,Wikimedia Commons,https://commons.wikimedia.org/wiki/File:Orycteropus_afer_175359469.jpg,CC BY 4.0,https://creativecommons.org/licenses/by/4.0,"Orycteropus afer 175359469 [Orycteropus afer] — Kelly Abram / Wikimedia Commons, CC BY 4.0 (https://creativecommons.org/licenses/by/4.0); source: https://commons.wikimedia.org/wiki/File:Orycteropus_afer_175359469.jpg. Original attribution: https://www.inaturalist.org/photos/175359469. Resized and re-encoded; no subject alteration."
Oryctolagus cuniculus,アナウサギ,commons-185806418,primary_candidate,euqirneto,Wikimedia Commons,https://commons.wikimedia.org/wiki/File:Oryctolagus_cuniculus_-_euqirneto_-_419737670_(cropped).jpeg,CC BY 4.0,https://creativecommons.org/licenses/by/4.0,"Oryctolagus cuniculus - euqirneto - 419737670 (cropped) [Oryctolagus cuniculus] — euqirneto / Wikimedia Commons, CC BY 4.0 (https://creativecommons.org/licenses/by/4.0); source: https://commons.wikimedia.org/wiki/File:Oryctolagus_cuniculus_-_euqirneto_-_419737670_(cropped).jpeg. Original attribution: https://www.inaturalist.org/photos/419737670. Resized and re-encoded; no subject alteration."
Oryza sativa,イネ,commons-88656156,supplementary_only,Augustus Binu : flickr : Instagram,Wikimedia Commons,https://commons.wikimedia.org/wiki/File:Mature_Rice_(India)_by_Augustus_Binu.jpg,CC BY-SA 3.0,https://creativecommons.org/licenses/by-sa/3.0,"Mature Rice (India) by Augustus Binu [Oryza sativa] — Augustus Binu : flickr : Instagram / Wikimedia Commons, CC BY-SA 3.0 (https://creativecommons.org/licenses/by-sa/3.0); source: https://commons.wikimedia.org/wiki/File:Mature_Rice_(India)_by_Augustus_Binu.jpg. Original attribution: Augustus Binu. Resized and re-encoded; no subject alteration."
Osmunda regalis,ロイヤルファーン,commons-149043633,primary_candidate,E Wusk,Wikimedia Commons,https://commons.wikimedia.org/wiki/File:Osmunda_regalis_Mimizan.jpg,CC BY-SA 4.0,https://creativecommons.org/licenses/by-sa/4.0,"Osmunda regalis Mimizan [Osmunda regalis] — E Wusk / Wikimedia Commons, CC BY-SA 4.0 (https://creativecommons.org/licenses/by-sa/4.0); source: https://commons.wikimedia.org/wiki/File:Osmunda_regalis_Mimizan.jpg. Original attribution: Own work. Resized and re-encoded; no subject alteration."
Ovibos moschatus,ジャコウウシ,commons-134289609,primary_candidate,Charles J. Sharp,Wikimedia Commons,https://commons.wikimedia.org/wiki/File:Muskox_(Ovibos_moschatus)_male_Dovrefjell_4.jpg,CC BY-SA 4.0,https://creativecommons.org/licenses/by-sa/4.0,"Muskox (Ovibos moschatus) male Dovrefjell 4 [Ovibos moschatus] — Charles J. Sharp / Wikimedia Commons, CC BY-SA 4.0 (https://creativecommons.org/licenses/by-sa/4.0); source: https://commons.wikimedia.org/wiki/File:Muskox_(Ovibos_moschatus)_male_Dovrefjell_4.jpg. Original attribution: Own work , from Sharp Photography, sharpphotography.co.uk. Resized and re-encoded; no subject alteration."
Ovis canadensis,ビッグホーン,commons-28291925,primary_candidate,Jwanamaker,Wikimedia Commons,https://commons.wikimedia.org/wiki/File:New_Mexico_Bighorn_Sheep.JPG,CC BY-SA 3.0,https://creativecommons.org/licenses/by-sa/3.0,"New Mexico Bighorn Sheep [Ovis canadensis] — Jwanamaker / Wikimedia Commons, CC BY-SA 3.0 (https://creativecommons.org/licenses/by-sa/3.0); source: https://commons.wikimedia.org/wiki/File:New_Mexico_Bighorn_Sheep.JPG. Original attribution: Own work. Resized and re-encoded; no subject alteration."
Pan paniscus,ボノボ,commons-24155733,supplementary_only,natataek,Wikimedia Commons,https://commons.wikimedia.org/wiki/File:Apeldoorn_Apenheul_zoo_Bonobo.jpg,CC BY-SA 3.0,https://creativecommons.org/licenses/by-sa/3.0,"Apeldoorn Apenheul zoo Bonobo [Pan paniscus] — natataek / Wikimedia Commons, CC BY-SA 3.0 (https://creativecommons.org/licenses/by-sa/3.0); source: https://commons.wikimedia.org/wiki/File:Apeldoorn_Apenheul_zoo_Bonobo.jpg. Original attribution: Natataek at English Wikivoyage. Resized and re-encoded; no subject alteration."
Pan troglodytes,チンパンジー,commons-134376867,primary_candidate,Giles Laurent,Wikimedia Commons,https://commons.wikimedia.org/wiki/File:015_Chimpanzee_at_Kibale_forest_National_Park_Photo_by_Giles_Laurent.jpg,CC BY-SA 4.0,https://creativecommons.org/licenses/by-sa/4.0,"015 Chimpanzee at Kibale forest National Park Photo by Giles Laurent [Pan troglodytes] — Giles Laurent / Wikimedia Commons, CC BY-SA 4.0 (https://creativecommons.org/licenses/by-sa/4.0); source: https://commons.wikimedia.org/wiki/File:015_Chimpanzee_at_Kibale_forest_National_Park_Photo_by_Giles_Laurent.jpg. Original attribution: © Giles Laurent , gileslaurent.com , License CC BY-SA. Resized and re-encoded; no subject alteration."
Pandinus imperator,ダイオウサソリ,commons-27718135,primary_candidate,Rosa Pineda,Wikimedia Commons,https://commons.wikimedia.org/wiki/File:Female_Emperor_Scorpion.jpg,CC BY-SA 3.0,https://creativecommons.org/licenses/by-sa/3.0,"Female Emperor Scorpion [Pandinus imperator] — Rosa Pineda / Wikimedia Commons, CC BY-SA 3.0 (https://creativecommons.org/licenses/by-sa/3.0); source: https://commons.wikimedia.org/wiki/File:Female_Emperor_Scorpion.jpg. Original attribution: Own work. Resized and re-encoded; no subject alteration."
Panthera leo,ライオン,commons-151312926,primary_candidate,Giles Laurent,Wikimedia Commons,https://commons.wikimedia.org/wiki/File:020_The_lion_king_Snyggve_in_the_Serengeti_National_Park_Photo_by_Giles_Laurent.jpg,CC BY-SA 4.0,https://creativecommons.org/licenses/by-sa/4.0,"020 The lion king Snyggve in the Serengeti National Park Photo by Giles Laurent [Panthera leo] — Giles Laurent / Wikimedia Commons, CC BY-SA 4.0 (https://creativecommons.org/licenses/by-sa/4.0); source: https://commons.wikimedia.org/wiki/File:020_The_lion_king_Snyggve_in_the_Serengeti_National_Park_Photo_by_Giles_Laurent.jpg. Original attribution: © Giles Laurent , gileslaurent.com , License CC BY-SA. Resized and re-encoded; no subject alteration."
Panthera pardus,ヒョウ,commons-107561790,primary_candidate,Sumeet Moghe,Wikimedia Commons,https://commons.wikimedia.org/wiki/File:African_leopard_male_(cropped).jpg,CC BY-SA 4.0,https://creativecommons.org/licenses/by-sa/4.0,"African leopard male (cropped) [Panthera pardus] — Sumeet Moghe / Wikimedia Commons, CC BY-SA 4.0 (https://creativecommons.org/licenses/by-sa/4.0); source: https://commons.wikimedia.org/wiki/File:African_leopard_male_(cropped).jpg. Original attribution: File:African_leopard_male.jpg. Resized and re-encoded; no subject alteration."
Panthera tigris,トラ,commons-88142663,primary_candidate,Charles J. Sharp,Wikimedia Commons,https://commons.wikimedia.org/wiki/File:Bengal_tiger_(Panthera_tigris_tigris)_female_3_crop.jpg,CC BY-SA 4.0,https://creativecommons.org/licenses/by-sa/4.0,"Bengal tiger (Panthera tigris tigris) female 3 crop [Panthera tigris] — Charles J. Sharp / Wikimedia Commons, CC BY-SA 4.0 (https://creativecommons.org/licenses/by-sa/4.0); source: https://commons.wikimedia.org/wiki/File:Bengal_tiger_(Panthera_tigris_tigris)_female_3_crop.jpg. Original attribution: Charles James Sharp. Resized and re-encoded; no subject alteration."
Papilio machaon,キアゲハ,commons-48664965,primary_candidate,Entomolo,Wikimedia Commons,https://commons.wikimedia.org/wiki/File:PapilioMachaon2016_001.JPG,CC BY-SA 4.0,https://creativecommons.org/licenses/by-sa/4.0,"PapilioMachaon2016 001 [Papilio machaon] — Entomolo / Wikimedia Commons, CC BY-SA 4.0 (https://creativecommons.org/licenses/by-sa/4.0); source: https://commons.wikimedia.org/wiki/File:PapilioMachaon2016_001.JPG. Original attribution: Own work. Resized and re-encoded; no subject alteration."
Passer domesticus,イエスズメ,commons-125462845,primary_candidate,Rhododendrites,Wikimedia Commons,https://commons.wikimedia.org/wiki/File:House_sparrow_male_in_Prospect_Park_(53532).jpg,CC BY-SA 4.0,https://creativecommons.org/licenses/by-sa/4.0,"House sparrow male in Prospect Park (53532) [Passer domesticus] — Rhododendrites / Wikimedia Commons, CC BY-SA 4.0 (https://creativecommons.org/licenses/by-sa/4.0); source: https://commons.wikimedia.org/wiki/File:House_sparrow_male_in_Prospect_Park_(53532).jpg. Original attribution: Own work. Resized and re-encoded; no subject alteration."
Pavo cristatus,インドクジャク,commons-119724930,primary_candidate,"Kandukuru Nagarjun from Bangalore, India",Wikimedia Commons,https://commons.wikimedia.org/wiki/File:Peacock_on_tree_(52077240794).jpg,CC BY 2.0,https://creativecommons.org/licenses/by/2.0,"Peacock on tree (52077240794) [Pavo cristatus] — Kandukuru Nagarjun from Bangalore, India / Wikimedia Commons, CC BY 2.0 (https://creativecommons.org/licenses/by/2.0); source: https://commons.wikimedia.org/wiki/File:Peacock_on_tree_(52077240794).jpg. Original attribution: Peacock on tree. Resized and re-encoded; no subject alteration."
Pelecanus onocrotalus,モモイロペリカン,commons-66151818,primary_candidate,Charles J. Sharp,Wikimedia Commons,https://commons.wikimedia.org/wiki/File:Great_white_pelican_(Pelecanus_onocrotalus).jpg,CC BY-SA 4.0,https://creativecommons.org/licenses/by-sa/4.0,"Great white pelican (Pelecanus onocrotalus) [Pelecanus onocrotalus] — Charles J. Sharp / Wikimedia Commons, CC BY-SA 4.0 (https://creativecommons.org/licenses/by-sa/4.0); source: https://commons.wikimedia.org/wiki/File:Great_white_pelican_(Pelecanus_onocrotalus).jpg. Original attribution: Own work , from Sharp Photography, sharpphotography.co.uk. Resized and re-encoded; no subject alteration."
Pelodiscus sinensis,スッポン,commons-68736527,primary_candidate,Dennis G. Jarvis,Wikimedia Commons,https://commons.wikimedia.org/wiki/File:DSC09767_-_Chinese_Softshell_Turtle_(37081082331).jpg,CC BY-SA 2.0,https://creativecommons.org/licenses/by-sa/2.0,"DSC09767 - Chinese Softshell Turtle (37081082331) [Pelodiscus sinensis] — Dennis G. Jarvis / Wikimedia Commons, CC BY-SA 2.0 (https://creativecommons.org/licenses/by-sa/2.0); source: https://commons.wikimedia.org/wiki/File:DSC09767_-_Chinese_Softshell_Turtle_(37081082331).jpg. Original attribution: DSC09767 - Chinese Softshell Turtle. Resized and re-encoded; no subject alteration."
Petromyzon marinus,ウミヤツメ,commons-1999625,supplementary_only,Fernando Losada Rodríguez,Wikimedia Commons,https://commons.wikimedia.org/wiki/File:Petromyzon_marinus.001_-_Aquarium_Finisterrae.jpg,CC BY-SA 4.0,https://creativecommons.org/licenses/by-sa/4.0,"Petromyzon marinus.001 - Aquarium Finisterrae [Petromyzon marinus] — Fernando Losada Rodríguez / Wikimedia Commons, CC BY-SA 4.0 (https://creativecommons.org/licenses/by-sa/4.0); source: https://commons.wikimedia.org/wiki/File:Petromyzon_marinus.001_-_Aquarium_Finisterrae.jpg. Original attribution: Own work. Resized and re-encoded; no subject alteration."
Phalacrocorax carbo,カワウ,commons-107560873,primary_candidate,MPF,Wikimedia Commons,"https://commons.wikimedia.org/wiki/File:2021-05-05_Phalacrocorax_carbo_carbo,_Killingworth_Lake,_Northumberland_1-1.jpg",CC BY-SA 4.0,https://creativecommons.org/licenses/by-sa/4.0,"2021-05-05 Phalacrocorax carbo carbo, Killingworth Lake, Northumberland 1-1 [Phalacrocorax carbo] — MPF / Wikimedia Commons, CC BY-SA 4.0 (https://creativecommons.org/licenses/by-sa/4.0); source: https://commons.wikimedia.org/wiki/File:2021-05-05_Phalacrocorax_carbo_carbo,_Killingworth_Lake,_Northumberland_1-1.jpg. Original attribution: Own work. Resized and re-encoded; no subject alteration."
Phalaenopsis amabilis,アマビリスコチョウラン,commons-31148955,supplementary_only,Orchi,Wikimedia Commons,https://commons.wikimedia.org/wiki/File:Phalaenopsis_amabilis_Orchi_198.jpg,CC BY-SA 3.0,https://creativecommons.org/licenses/by-sa/3.0/,"Phalaenopsis amabilis Orchi 198 [Phalaenopsis amabilis] — Orchi / Wikimedia Commons, CC BY-SA 3.0 (https://creativecommons.org/licenses/by-sa/3.0/); source: https://commons.wikimedia.org/wiki/File:Phalaenopsis_amabilis_Orchi_198.jpg. Original attribution: Self-photographed. Resized and re-encoded; no subject alteration."
Phascolarctos cinereus,コアラ,commons-361837,primary_candidate,Diliff,Wikimedia Commons,https://commons.wikimedia.org/wiki/File:Koala_climbing_tree.jpg,CC BY-SA 3.0,https://creativecommons.org/licenses/by-sa/3.0,"Koala climbing tree [Phascolarctos cinereus] — Diliff / Wikimedia Commons, CC BY-SA 3.0 (https://creativecommons.org/licenses/by-sa/3.0); source: https://commons.wikimedia.org/wiki/File:Koala_climbing_tree.jpg. Original attribution: Own work. Resized and re-encoded; no subject alteration."
Phoca vitulina,ゼニガタアザラシ,commons-42803334,primary_candidate,Charles J. Sharp,Wikimedia Commons,https://commons.wikimedia.org/wiki/File:Common_seal_(Phoca_vitulina)_2.jpg,CC BY-SA 4.0,https://creativecommons.org/licenses/by-sa/4.0,"Common seal (Phoca vitulina) 2 [Phoca vitulina] — Charles J. Sharp / Wikimedia Commons, CC BY-SA 4.0 (https://creativecommons.org/licenses/by-sa/4.0); source: https://commons.wikimedia.org/wiki/File:Common_seal_(Phoca_vitulina)_2.jpg. Original attribution: Own work , from Sharp Photography, sharpphotography. Resized and re-encoded; no subject alteration."
Phoeniconaias minor,コフラミンゴ,commons-65782267,primary_candidate,Sumita Roy Dutta,Wikimedia Commons,https://commons.wikimedia.org/wiki/File:Flock_of_Lesser_Flamingo_along_with_juvenile_near_Jamnagar_railway_stationDSCN1798_1.jpg,CC BY-SA 4.0,https://creativecommons.org/licenses/by-sa/4.0,"Flock of Lesser Flamingo along with juvenile near Jamnagar railway stationDSCN1798 1 [Phoeniconaias minor] — Sumita Roy Dutta / Wikimedia Commons, CC BY-SA 4.0 (https://creativecommons.org/licenses/by-sa/4.0); source: https://commons.wikimedia.org/wiki/File:Flock_of_Lesser_Flamingo_along_with_juvenile_near_Jamnagar_railway_stationDSCN1798_1.jpg. Original attribution: Own work. Resized and re-encoded; no subject alteration."
Phoenicopterus roseus,オオフラミンゴ,commons-155084146,primary_candidate,Giles Laurent,Wikimedia Commons,https://commons.wikimedia.org/wiki/File:010_Greater_flamingos_male_and_female_in_the_Camargue_during_mating_season_Photo_by_Giles_Laurent.jpg,CC BY-SA 4.0,https://creativecommons.org/licenses/by-sa/4.0,"010 Greater flamingos male and female in the Camargue during mating season Photo by Giles Laurent [Phoenicopterus roseus] — Giles Laurent / Wikimedia Commons, CC BY-SA 4.0 (https://creativecommons.org/licenses/by-sa/4.0); source: https://commons.wikimedia.org/wiki/File:010_Greater_flamingos_male_and_female_in_the_Camargue_during_mating_season_Photo_by_Giles_Laurent.jpg. Original attribution: © Giles Laurent , gileslaurent.com , License CC BY-SA. Resized and re-encoded; no subject alteration."
Physeter macrocephalus,マッコウクジラ,commons-24212362,primary_candidate,Gabriel Barathieu,Wikimedia Commons,https://commons.wikimedia.org/wiki/File:Mother_and_baby_sperm_whale.jpg,CC BY-SA 2.0,https://creativecommons.org/licenses/by-sa/2.0,"Mother and baby sperm whale [Physeter macrocephalus] — Gabriel Barathieu / Wikimedia Commons, CC BY-SA 2.0 (https://creativecommons.org/licenses/by-sa/2.0); source: https://commons.wikimedia.org/wiki/File:Mother_and_baby_sperm_whale.jpg. Original attribution: https://www.flickr.com/photos/barathieu/7277953560/. Resized and re-encoded; no subject alteration."
Pica pica,カササギ,commons-146037428,primary_candidate,Alexis Lours,Wikimedia Commons,https://commons.wikimedia.org/wiki/File:Eurasian_magpie_2024_03_03_02.jpg,CC BY 4.0,https://creativecommons.org/licenses/by/4.0,"Eurasian magpie 2024 03 03 02 [Pica pica] — Alexis Lours / Wikimedia Commons, CC BY 4.0 (https://creativecommons.org/licenses/by/4.0); source: https://commons.wikimedia.org/wiki/File:Eurasian_magpie_2024_03_03_02.jpg. Original attribution: Own work. Resized and re-encoded; no subject alteration."
Pilobolus crystallinus,ピロボルス・クリスタリヌス,commons-77340506,primary_candidate,"This image was created by user Sava Krstic (sava) at Mushroom Observer , a source for mycological images. You can contact this user here .",Wikimedia Commons,https://commons.wikimedia.org/wiki/File:Pilobolus_crystallinus_(F.H._Wigg.)_Tode_1013949.jpg,CC BY-SA 3.0,https://creativecommons.org/licenses/by-sa/3.0,"Pilobolus crystallinus (F.H. Wigg.) Tode 1013949 [Pilobolus crystallinus] — This image was created by user Sava Krstic (sava) at Mushroom Observer , a source for mycological images. You can contact this user here . / Wikimedia Commons, CC BY-SA 3.0 (https://creativecommons.org/licenses/by-sa/3.0); source: https://commons.wikimedia.org/wiki/File:Pilobolus_crystallinus_(F.H._Wigg.)_Tode_1013949.jpg. Original attribution: This image is Image Number 1013949 at Mushroom Observer , a source for mycological images.. Resized and re-encoded; no subject alteration."
Pinus longaeva,ブリッスルコーンパイン,commons-11040152,primary_candidate,Dcrjsr,Wikimedia Commons,https://commons.wikimedia.org/wiki/File:Big_bristlecone_pine_Pinus_longaeva.jpg,CC BY-SA 3.0,https://creativecommons.org/licenses/by-sa/3.0,"Big bristlecone pine Pinus longaeva [Pinus longaeva] — Dcrjsr / Wikimedia Commons, CC BY-SA 3.0 (https://creativecommons.org/licenses/by-sa/3.0); source: https://commons.wikimedia.org/wiki/File:Big_bristlecone_pine_Pinus_longaeva.jpg. Original attribution: Own work. Resized and re-encoded; no subject alteration."
Pinus sylvestris,ヨーロッパアカマツ,commons-19946919,primary_candidate,Mickaël Delcey ( Silverkey ),Wikimedia Commons,https://commons.wikimedia.org/wiki/File:Skuleskogen_pine.jpg,CC BY-SA 3.0,https://creativecommons.org/licenses/by-sa/3.0,"Skuleskogen pine [Pinus sylvestris] — Mickaël Delcey ( Silverkey ) / Wikimedia Commons, CC BY-SA 3.0 (https://creativecommons.org/licenses/by-sa/3.0); source: https://commons.wikimedia.org/wiki/File:Skuleskogen_pine.jpg. Original attribution: Own work. Resized and re-encoded; no subject alteration."
Pipistrellus pipistrellus,ナミアブラコウモリ,commons-8802172,supplementary_only,Drahkrub,Wikimedia Commons,https://commons.wikimedia.org/wiki/File:Pipistrellus_female-1.jpg,CC BY-SA 4.0,https://creativecommons.org/licenses/by-sa/4.0,"Pipistrellus female-1 [Pipistrellus pipistrellus] — Drahkrub / Wikimedia Commons, CC BY-SA 4.0 (https://creativecommons.org/licenses/by-sa/4.0); source: https://commons.wikimedia.org/wiki/File:Pipistrellus_female-1.jpg. Original attribution: Own work. Resized and re-encoded; no subject alteration."
Platalea ajaja,ベニヘラサギ,commons-5160600,primary_candidate,User:Mwanner,Wikimedia Commons,https://commons.wikimedia.org/wiki/File:Roseate_Spoonbill_-_Myakka_River_State_Park.jpg,CC BY-SA 3.0,https://creativecommons.org/licenses/by-sa/3.0/,"Roseate Spoonbill - Myakka River State Park [Platalea ajaja] — User:Mwanner / Wikimedia Commons, CC BY-SA 3.0 (https://creativecommons.org/licenses/by-sa/3.0/); source: https://commons.wikimedia.org/wiki/File:Roseate_Spoonbill_-_Myakka_River_State_Park.jpg. Original attribution: en:Image:Roseate_Spoonbill_-_Myakka_River_State_Park.jpg 15:28, 10 November 2007 Mwanner talk contribs uploaded File:Roseate Spoonbill - Myakka River State Park.jpg (Roseate Spoonbill - Myakka River State Park. Taken by User:Mwanner, 12 Febuary, 2007.) (thank). Resized and re-encoded; no subject alteration."
Pleurotus ostreatus,ヒラタケ,commons-3330811,primary_candidate,voir ci-dessous / see below,Wikimedia Commons,https://commons.wikimedia.org/wiki/File:Pleurotus_ostreatus_JPG7.jpg,CC BY 3.0,https://creativecommons.org/licenses/by/3.0,"Pleurotus ostreatus JPG7 [Pleurotus ostreatus] — voir ci-dessous / see below / Wikimedia Commons, CC BY 3.0 (https://creativecommons.org/licenses/by/3.0); source: https://commons.wikimedia.org/wiki/File:Pleurotus_ostreatus_JPG7.jpg. Original attribution: Own work. Resized and re-encoded; no subject alteration."
Poecilia reticulata,グッピー,commons-9997976,primary_candidate,Per Harald Olsen,Wikimedia Commons,https://commons.wikimedia.org/wiki/File:Guppy_pho_0048.jpg,CC BY 3.0,https://creativecommons.org/licenses/by/3.0,"Guppy pho 0048 [Poecilia reticulata] — Per Harald Olsen / Wikimedia Commons, CC BY 3.0 (https://creativecommons.org/licenses/by/3.0); source: https://commons.wikimedia.org/wiki/File:Guppy_pho_0048.jpg. Original attribution: Own work. Resized and re-encoded; no subject alteration."
Pogona vitticeps,フトアゴヒゲトカゲ,commons-2492192,primary_candidate,"Photograph: Frank C. Müller , Baden-Baden",Wikimedia Commons,https://commons.wikimedia.org/wiki/File:Bartagame_(fcm).jpg,CC BY-SA 2.5,https://creativecommons.org/licenses/by-sa/2.5,"Bartagame (fcm) [Pogona vitticeps] — Photograph: Frank C. Müller , Baden-Baden / Wikimedia Commons, CC BY-SA 2.5 (https://creativecommons.org/licenses/by-sa/2.5); source: https://commons.wikimedia.org/wiki/File:Bartagame_(fcm).jpg. Original attribution: Own work. Resized and re-encoded; no subject alteration."
Pongo pygmaeus,ボルネオオランウータン,commons-41696089,primary_candidate,Nanosanchez,Wikimedia Commons,https://commons.wikimedia.org/wiki/File:Tanjung_Puting30477.jpg,CC BY-SA 4.0,https://creativecommons.org/licenses/by-sa/4.0,"Tanjung Puting30477 [Pongo pygmaeus] — Nanosanchez / Wikimedia Commons, CC BY-SA 4.0 (https://creativecommons.org/licenses/by-sa/4.0); source: https://commons.wikimedia.org/wiki/File:Tanjung_Puting30477.jpg. Original attribution: Own work. Resized and re-encoded; no subject alteration."
Populus tremuloides,アメリカヤマナラシ,commons-28885229,primary_candidate,Famartin,Wikimedia Commons,"https://commons.wikimedia.org/wiki/File:2013-10-06_15_04_21_Aspens_during_autumn_along_the_Changing_Canyon_Nature_Trail_in_Lamoille_Canyon,_Nevada.jpg",CC BY-SA 3.0,https://creativecommons.org/licenses/by-sa/3.0,"2013-10-06 15 04 21 Aspens during autumn along the Changing Canyon Nature Trail in Lamoille Canyon, Nevada [Populus tremuloides] — Famartin / Wikimedia Commons, CC BY-SA 3.0 (https://creativecommons.org/licenses/by-sa/3.0); source: https://commons.wikimedia.org/wiki/File:2013-10-06_15_04_21_Aspens_during_autumn_along_the_Changing_Canyon_Nature_Trail_in_Lamoille_Canyon,_Nevada.jpg. Original attribution: Own work. Resized and re-encoded; no subject alteration."
Porphyra umbilicalis,ポルフィラ・ウンビリカリス,commons-5654772,supplementary_only,Laurent.Breillat,Wikimedia Commons,https://commons.wikimedia.org/wiki/File:Porphyra_umbilicalis.jpg,CC BY-SA 3.0,https://creativecommons.org/licenses/by-sa/3.0,"Porphyra umbilicalis [Porphyra umbilicalis] — Laurent.Breillat / Wikimedia Commons, CC BY-SA 3.0 (https://creativecommons.org/licenses/by-sa/3.0); source: https://commons.wikimedia.org/wiki/File:Porphyra_umbilicalis.jpg. Original attribution: Photo Laurent Breillat. Resized and re-encoded; no subject alteration."
Posidonia oceanica,ポシドニア・オセアニカ,commons-107310307,primary_candidate,Frédéric Ducarme,Wikimedia Commons,https://commons.wikimedia.org/wiki/File:Posidonia_oceanica_(L).jpg,CC BY-SA 4.0,https://creativecommons.org/licenses/by-sa/4.0,"Posidonia oceanica (L) [Posidonia oceanica] — Frédéric Ducarme / Wikimedia Commons, CC BY-SA 4.0 (https://creativecommons.org/licenses/by-sa/4.0); source: https://commons.wikimedia.org/wiki/File:Posidonia_oceanica_(L).jpg. Original attribution: Own work. Resized and re-encoded; no subject alteration."
Prionace glauca,ヨシキリザメ,commons-108259682,primary_candidate,Diego Delso,Wikimedia Commons,"https://commons.wikimedia.org/wiki/File:Tibur%C3%B3n_azul_(Prionace_glauca),_canal_Fayal-Pico,_islas_Azores,_Portugal,_2020-07-27,_DD_31.jpg",CC BY-SA 4.0,https://creativecommons.org/licenses/by-sa/4.0,"Tiburón azul (Prionace glauca), canal Fayal-Pico, islas Azores, Portugal, 2020-07-27, DD 31 [Prionace glauca] — Diego Delso / Wikimedia Commons, CC BY-SA 4.0 (https://creativecommons.org/licenses/by-sa/4.0); source: https://commons.wikimedia.org/wiki/File:Tibur%C3%B3n_azul_(Prionace_glauca),_canal_Fayal-Pico,_islas_Azores,_Portugal,_2020-07-27,_DD_31.jpg. Original attribution: Diego Delso. Resized and re-encoded; no subject alteration."
Pristis pristis,ノコギリエイ,commons-17421638,supplementary_only,J. Patrick Fischer,Wikimedia Commons,https://commons.wikimedia.org/wiki/File:2009_Pristis_microdon1.JPG,CC BY-SA 3.0,https://creativecommons.org/licenses/by-sa/3.0,"2009 Pristis microdon1 [Pristis pristis] — J. Patrick Fischer / Wikimedia Commons, CC BY-SA 3.0 (https://creativecommons.org/licenses/by-sa/3.0); source: https://commons.wikimedia.org/wiki/File:2009_Pristis_microdon1.JPG. Original attribution: Own work. Resized and re-encoded; no subject alteration."
Procyon lotor,アライグマ,commons-122621802,primary_candidate,Rhododendrites,Wikimedia Commons,https://commons.wikimedia.org/wiki/File:Raccoon_in_Central_Park_(35264).jpg,CC BY-SA 4.0,https://creativecommons.org/licenses/by-sa/4.0,"Raccoon in Central Park (35264) [Procyon lotor] — Rhododendrites / Wikimedia Commons, CC BY-SA 4.0 (https://creativecommons.org/licenses/by-sa/4.0); source: https://commons.wikimedia.org/wiki/File:Raccoon_in_Central_Park_(35264).jpg. Original attribution: Own work. Resized and re-encoded; no subject alteration."
Protopterus annectens,西アフリカハイギョ,commons-175958395,primary_candidate,Mattia Nocciola,Wikimedia Commons,https://commons.wikimedia.org/wiki/File:Protopterus_annectens_Natural_History_Museum_University_of_Pisa.jpg,CC BY-SA 4.0,https://creativecommons.org/licenses/by-sa/4.0,"Protopterus annectens Natural History Museum University of Pisa [Protopterus annectens] — Mattia Nocciola / Wikimedia Commons, CC BY-SA 4.0 (https://creativecommons.org/licenses/by-sa/4.0); source: https://commons.wikimedia.org/wiki/File:Protopterus_annectens_Natural_History_Museum_University_of_Pisa.jpg. Original attribution: “The author took the photo on behalf of the Museum”. Resized and re-encoded; no subject alteration."
Prunus serrulata,サトザクラ,commons-19378062,primary_candidate,Myrabella,Wikimedia Commons,https://commons.wikimedia.org/wiki/File:Cerisier_du_Japon_Prunus_serrulata.jpg,CC BY-SA 3.0,https://creativecommons.org/licenses/by-sa/3.0,"Cerisier du Japon Prunus serrulata [Prunus serrulata] — Myrabella / Wikimedia Commons, CC BY-SA 3.0 (https://creativecommons.org/licenses/by-sa/3.0); source: https://commons.wikimedia.org/wiki/File:Cerisier_du_Japon_Prunus_serrulata.jpg. Original attribution: Photo: Myrabella / Wikimedia Commons. Resized and re-encoded; no subject alteration."
Psittacus erithacus,ヨウム,commons-50493214,primary_candidate,Florettesokeng,Wikimedia Commons,https://commons.wikimedia.org/wiki/File:Perroquet_%C3%A0_Yampopo_Beach_-_Douala.jpg,CC BY-SA 4.0,https://creativecommons.org/licenses/by-sa/4.0,"Perroquet à Yampopo Beach - Douala [Psittacus erithacus] — Florettesokeng / Wikimedia Commons, CC BY-SA 4.0 (https://creativecommons.org/licenses/by-sa/4.0); source: https://commons.wikimedia.org/wiki/File:Perroquet_%C3%A0_Yampopo_Beach_-_Douala.jpg. Original attribution: Own work. Resized and re-encoded; no subject alteration."
Pterois volitans,ハナミノカサゴ,commons-3193877,primary_candidate,"Photo by Jens Petersen , Edited by User:Olegiwit (cloned in part of fins) and Fir0002 (removed spots and noise)",Wikimedia Commons,https://commons.wikimedia.org/wiki/File:Pterois_volitans_Manado-e_edit.jpg,CC BY 2.5,https://creativecommons.org/licenses/by/2.5,"Pterois volitans Manado-e edit [Pterois volitans] — Photo by Jens Petersen , Edited by User:Olegiwit (cloned in part of fins) and Fir0002 (removed spots and noise) / Wikimedia Commons, CC BY 2.5 (https://creativecommons.org/licenses/by/2.5); source: https://commons.wikimedia.org/wiki/File:Pterois_volitans_Manado-e_edit.jpg. Original attribution: File:Pterois_volitans_Manado.JPG. Resized and re-encoded; no subject alteration."
Pteronura brasiliensis,オオカワウソ,commons-87751896,supplementary_only,Charles J. Sharp,Wikimedia Commons,https://commons.wikimedia.org/wiki/File:Giant_otters_(Pteronura_brasiliensis).jpg,CC BY-SA 4.0,https://creativecommons.org/licenses/by-sa/4.0,"Giant otters (Pteronura brasiliensis) [Pteronura brasiliensis] — Charles J. Sharp / Wikimedia Commons, CC BY-SA 4.0 (https://creativecommons.org/licenses/by-sa/4.0); source: https://commons.wikimedia.org/wiki/File:Giant_otters_(Pteronura_brasiliensis).jpg. Original attribution: Own work , from Sharp Photography, sharpphotography.co.uk. Resized and re-encoded; no subject alteration."
Pterophyllum scalare,エンゼルフィッシュ,commons-175958571,primary_candidate,Mattia Nocciola,Wikimedia Commons,https://commons.wikimedia.org/wiki/File:Pterophyllum_scalare_Natural_History_Museum_University_of_Pisa.jpg,CC BY-SA 4.0,https://creativecommons.org/licenses/by-sa/4.0,"Pterophyllum scalare Natural History Museum University of Pisa [Pterophyllum scalare] — Mattia Nocciola / Wikimedia Commons, CC BY-SA 4.0 (https://creativecommons.org/licenses/by-sa/4.0); source: https://commons.wikimedia.org/wiki/File:Pterophyllum_scalare_Natural_History_Museum_University_of_Pisa.jpg. Original attribution: “The author took the photo on behalf of the Museum”. Resized and re-encoded; no subject alteration."
Pteropus vampyrus,オオコウモリ,commons-73213005,primary_candidate,NobbiP,Wikimedia Commons,https://commons.wikimedia.org/wiki/File:Wilhelma_Kalong-Flughund_Pteropus_vampyrus_0513.jpg,CC BY-SA 3.0,https://creativecommons.org/licenses/by-sa/3.0,"Wilhelma Kalong-Flughund Pteropus vampyrus 0513 [Pteropus vampyrus] — NobbiP / Wikimedia Commons, CC BY-SA 3.0 (https://creativecommons.org/licenses/by-sa/3.0); source: https://commons.wikimedia.org/wiki/File:Wilhelma_Kalong-Flughund_Pteropus_vampyrus_0513.jpg. Original attribution: NobbiP. Resized and re-encoded; no subject alteration."
Pygocentrus nattereri,レッドベリーピラニア,commons-82557603,primary_candidate,H. Zell,Wikimedia Commons,https://commons.wikimedia.org/wiki/File:Pygocentrus_nattereri_-_Karlsruhe_Zoo_01.jpg,CC BY-SA 3.0,https://creativecommons.org/licenses/by-sa/3.0,"Pygocentrus nattereri - Karlsruhe Zoo 01 [Pygocentrus nattereri] — H. Zell / Wikimedia Commons, CC BY-SA 3.0 (https://creativecommons.org/licenses/by-sa/3.0); source: https://commons.wikimedia.org/wiki/File:Pygocentrus_nattereri_-_Karlsruhe_Zoo_01.jpg. Original attribution: Own work. Resized and re-encoded; no subject alteration."
Rafflesia arnoldii,ラフレシア,commons-120393451,primary_candidate,LukeTriton,Wikimedia Commons,"https://commons.wikimedia.org/wiki/File:Rafflesia_arnoldii,_Sumatra.jpg",CC BY-SA 4.0,https://creativecommons.org/licenses/by-sa/4.0,"Rafflesia arnoldii, Sumatra [Rafflesia arnoldii] — LukeTriton / Wikimedia Commons, CC BY-SA 4.0 (https://creativecommons.org/licenses/by-sa/4.0); source: https://commons.wikimedia.org/wiki/File:Rafflesia_arnoldii,_Sumatra.jpg. Original attribution: Own work. Resized and re-encoded; no subject alteration."
Ramphastos toco,オニオオハシ,commons-169905497,primary_candidate,Giles Laurent,Wikimedia Commons,https://commons.wikimedia.org/wiki/File:006_Toco_toucan_in_Encontro_das_%C3%81guas_State_Park_Photo_by_Giles_Laurent.jpg,CC BY-SA 4.0,https://creativecommons.org/licenses/by-sa/4.0,"006 Toco toucan in Encontro das Águas State Park Photo by Giles Laurent [Ramphastos toco] — Giles Laurent / Wikimedia Commons, CC BY-SA 4.0 (https://creativecommons.org/licenses/by-sa/4.0); source: https://commons.wikimedia.org/wiki/File:006_Toco_toucan_in_Encontro_das_%C3%81guas_State_Park_Photo_by_Giles_Laurent.jpg. Original attribution: © Giles Laurent , gileslaurent.com , License CC BY-SA. Resized and re-encoded; no subject alteration."
Rana temporaria,ヨーロッパアカガエル,commons-4336610,primary_candidate,"Richard Bartz , Munich aka Makro Freak Image:MFB.jpg",Wikimedia Commons,https://commons.wikimedia.org/wiki/File:European_Common_Frog_Rana_temporaria.jpg,CC BY-SA 2.5,https://creativecommons.org/licenses/by-sa/2.5,"European Common Frog Rana temporaria [Rana temporaria] — Richard Bartz , Munich aka Makro Freak Image:MFB.jpg / Wikimedia Commons, CC BY-SA 2.5 (https://creativecommons.org/licenses/by-sa/2.5); source: https://commons.wikimedia.org/wiki/File:European_Common_Frog_Rana_temporaria.jpg. Original attribution: Own work. Resized and re-encoded; no subject alteration."
Rangifer tarandus,トナカイ,commons-52946318,primary_candidate,Are G Nilsen,Wikimedia Commons,https://commons.wikimedia.org/wiki/File:Reinbukken_p%C3%A5_frisk_gr%C3%B8nt_beite._-_panoramio.jpg,CC BY-SA 3.0,https://creativecommons.org/licenses/by-sa/3.0,"Reinbukken på frisk grønt beite. - panoramio [Rangifer tarandus] — Are G Nilsen / Wikimedia Commons, CC BY-SA 3.0 (https://creativecommons.org/licenses/by-sa/3.0); source: https://commons.wikimedia.org/wiki/File:Reinbukken_p%C3%A5_frisk_gr%C3%B8nt_beite._-_panoramio.jpg. Original attribution: Are G Nilsen. Resized and re-encoded; no subject alteration."
Rattus norvegicus,ドブネズミ,commons-71612338,primary_candidate,Dunpharlain,Wikimedia Commons,https://commons.wikimedia.org/wiki/File:Brown_Rat_(Rattus_norvegicus).jpg,CC BY-SA 4.0,https://creativecommons.org/licenses/by-sa/4.0,"Brown Rat (Rattus norvegicus) [Rattus norvegicus] — Dunpharlain / Wikimedia Commons, CC BY-SA 4.0 (https://creativecommons.org/licenses/by-sa/4.0); source: https://commons.wikimedia.org/wiki/File:Brown_Rat_(Rattus_norvegicus).jpg. Original attribution: Own work. Resized and re-encoded; no subject alteration."
Rhincodon typus,ジンベエザメ,commons-37306146,primary_candidate,Abe Khao Lak,Wikimedia Commons,https://commons.wikimedia.org/wiki/File:Similan_Dive_Center_-_great_whale_shark.jpg,CC BY-SA 4.0,https://creativecommons.org/licenses/by-sa/4.0,"Similan Dive Center - great whale shark [Rhincodon typus] — Abe Khao Lak / Wikimedia Commons, CC BY-SA 4.0 (https://creativecommons.org/licenses/by-sa/4.0); source: https://commons.wikimedia.org/wiki/File:Similan_Dive_Center_-_great_whale_shark.jpg. Original attribution: Own work. Resized and re-encoded; no subject alteration."
Rhinoceros unicornis,インドサイ,commons-49547280,primary_candidate,Mayank1704,Wikimedia Commons,https://commons.wikimedia.org/wiki/File:Great-Indian-one-horned-rhinoceros-at-Kaziranga-national-park-in-Assam-India.jpg,CC BY-SA 4.0,https://creativecommons.org/licenses/by-sa/4.0,"Great-Indian-one-horned-rhinoceros-at-Kaziranga-national-park-in-Assam-India [Rhinoceros unicornis] — Mayank1704 / Wikimedia Commons, CC BY-SA 4.0 (https://creativecommons.org/licenses/by-sa/4.0); source: https://commons.wikimedia.org/wiki/File:Great-Indian-one-horned-rhinoceros-at-Kaziranga-national-park-in-Assam-India.jpg. Original attribution: Own work. Resized and re-encoded; no subject alteration."
Rhinoderma darwinii,ダーウィンハナガエル,commons-131485745,primary_candidate,Ong ranita,Wikimedia Commons,https://commons.wikimedia.org/wiki/File:Ranita_de_Darwin_(Rhinoderma_darwinii).png,CC BY-SA 4.0,https://creativecommons.org/licenses/by-sa/4.0,"Ranita de Darwin (Rhinoderma darwinii) [Rhinoderma darwinii] — Ong ranita / Wikimedia Commons, CC BY-SA 4.0 (https://creativecommons.org/licenses/by-sa/4.0); source: https://commons.wikimedia.org/wiki/File:Ranita_de_Darwin_(Rhinoderma_darwinii).png. Original attribution: Own work. Resized and re-encoded; no subject alteration."
Rhizopus stolonifer,クモノスカビ,commons-44569190,primary_candidate,WDKeeper,Wikimedia Commons,https://commons.wikimedia.org/wiki/File:Rhizopus_stolonifer4.JPG,CC BY-SA 4.0,https://creativecommons.org/licenses/by-sa/4.0,"Rhizopus stolonifer4 [Rhizopus stolonifer] — WDKeeper / Wikimedia Commons, CC BY-SA 4.0 (https://creativecommons.org/licenses/by-sa/4.0); source: https://commons.wikimedia.org/wiki/File:Rhizopus_stolonifer4.JPG. Original attribution: Own work. Resized and re-encoded; no subject alteration."
Rosa chinensis,コウシンバラ,commons-817973,supplementary_only,Sakurai Midori,Wikimedia Commons,https://commons.wikimedia.org/wiki/File:Rosa_chinensis.jpg,CC BY-SA 3.0,https://creativecommons.org/licenses/by-sa/3.0/,"Rosa chinensis [Rosa chinensis] — Sakurai Midori / Wikimedia Commons, CC BY-SA 3.0 (https://creativecommons.org/licenses/by-sa/3.0/); source: https://commons.wikimedia.org/wiki/File:Rosa_chinensis.jpg. Original attribution: Own work. Resized and re-encoded; no subject alteration."
Saccharomyces cerevisiae,出芽酵母,commons-52254246,primary_candidate,Mogana Das Murtey and Patchamuthu Ramasamy,Wikimedia Commons,https://commons.wikimedia.org/wiki/File:Saccharomyces_cerevisiae_SEM.jpg,CC BY 3.0,https://creativecommons.org/licenses/by/3.0,"Saccharomyces cerevisiae SEM [Saccharomyces cerevisiae] — Mogana Das Murtey and Patchamuthu Ramasamy / Wikimedia Commons, CC BY 3.0 (https://creativecommons.org/licenses/by/3.0); source: https://commons.wikimedia.org/wiki/File:Saccharomyces_cerevisiae_SEM.jpg. Original attribution: https://www.intechopen.com/chapters/49652. Resized and re-encoded; no subject alteration."
Sagittarius serpentarius,ヘビクイワシ,commons-136505752,primary_candidate,Sumeet Moghe,Wikimedia Commons,https://commons.wikimedia.org/wiki/File:Secretary_bird_Mara_for_WC.jpg,CC BY-SA 4.0,https://creativecommons.org/licenses/by-sa/4.0,"Secretary bird Mara for WC [Sagittarius serpentarius] — Sumeet Moghe / Wikimedia Commons, CC BY-SA 4.0 (https://creativecommons.org/licenses/by-sa/4.0); source: https://commons.wikimedia.org/wiki/File:Secretary_bird_Mara_for_WC.jpg. Original attribution: Own work. Resized and re-encoded; no subject alteration."
Saiga tatarica,サイガ,commons-73737597,primary_candidate,Andrey Giljov,Wikimedia Commons,https://commons.wikimedia.org/wiki/File:Saiga_antelope_at_the_Stepnoi_Sanctuary.jpg,CC BY-SA 4.0,https://creativecommons.org/licenses/by-sa/4.0,"Saiga antelope at the Stepnoi Sanctuary [Saiga tatarica] — Andrey Giljov / Wikimedia Commons, CC BY-SA 4.0 (https://creativecommons.org/licenses/by-sa/4.0); source: https://commons.wikimedia.org/wiki/File:Saiga_antelope_at_the_Stepnoi_Sanctuary.jpg. Original attribution: Own work. Resized and re-encoded; no subject alteration."
Saimiri sciureus,コモンリスザル,commons-32671711,primary_candidate,Cayambe,Wikimedia Commons,https://commons.wikimedia.org/wiki/File:Common_squirrel_monkey_Saimiri_sciureus_%C3%AElet_la_M%C3%A8re_French_Guiana_2013.jpg,CC BY-SA 3.0,https://creativecommons.org/licenses/by-sa/3.0,"Common squirrel monkey Saimiri sciureus îlet la Mère French Guiana 2013 [Saimiri sciureus] — Cayambe / Wikimedia Commons, CC BY-SA 3.0 (https://creativecommons.org/licenses/by-sa/3.0); source: https://commons.wikimedia.org/wiki/File:Common_squirrel_monkey_Saimiri_sciureus_%C3%AElet_la_M%C3%A8re_French_Guiana_2013.jpg. Original attribution: Own work. Resized and re-encoded; no subject alteration."
Salix babylonica,シダレヤナギ,commons-82593685,primary_candidate,Fab5669,Wikimedia Commons,https://commons.wikimedia.org/wiki/File:Ch%C3%A2teau_de_Chenonceau_-_jardin_Russell-Page_(01).jpg,CC BY-SA 4.0,https://creativecommons.org/licenses/by-sa/4.0,"Château de Chenonceau - jardin Russell-Page (01) [Salix babylonica] — Fab5669 / Wikimedia Commons, CC BY-SA 4.0 (https://creativecommons.org/licenses/by-sa/4.0); source: https://commons.wikimedia.org/wiki/File:Ch%C3%A2teau_de_Chenonceau_-_jardin_Russell-Page_(01).jpg. Original attribution: Own work. Resized and re-encoded; no subject alteration."
Sarcophilus harrisii,タスマニアデビル,commons-12262604,primary_candidate,JJ Harrison ( https://www.jjharrison.com.au/ ),Wikimedia Commons,https://commons.wikimedia.org/wiki/File:Sarcophilus_harrisii_taranna.jpg,CC BY-SA 3.0,https://creativecommons.org/licenses/by-sa/3.0,"Sarcophilus harrisii taranna [Sarcophilus harrisii] — JJ Harrison ( https://www.jjharrison.com.au/ ) / Wikimedia Commons, CC BY-SA 3.0 (https://creativecommons.org/licenses/by-sa/3.0); source: https://commons.wikimedia.org/wiki/File:Sarcophilus_harrisii_taranna.jpg. Original attribution: Own work. Resized and re-encoded; no subject alteration."
Sargassum natans,流れ藻サルガッサム・ナタンス,commons-39952900,primary_candidate,James St. John,Wikimedia Commons,"https://commons.wikimedia.org/wiki/File:Sargassum_natans_(brown_algae)_(San_Salvador_Island,_Bahamas)_2_(16055332975).jpg",CC BY 2.0,https://creativecommons.org/licenses/by/2.0,"Sargassum natans (brown algae) (San Salvador Island, Bahamas) 2 (16055332975) [Sargassum natans] — James St. John / Wikimedia Commons, CC BY 2.0 (https://creativecommons.org/licenses/by/2.0); source: https://commons.wikimedia.org/wiki/File:Sargassum_natans_(brown_algae)_(San_Salvador_Island,_Bahamas)_2_(16055332975).jpg. Original attribution: Sargassum natans (brown algae) (San Salvador Island, Bahamas) 2. Resized and re-encoded; no subject alteration."
Scarabaeus sacer,スカラベ,commons-2900868,supplementary_only,Sarefo,Wikimedia Commons,https://commons.wikimedia.org/wiki/File:Scarabaeus.sacer.jpg,CC BY-SA 3.0,https://creativecommons.org/licenses/by-sa/3.0/,"Scarabaeus.sacer [Scarabaeus sacer] — Sarefo / Wikimedia Commons, CC BY-SA 3.0 (https://creativecommons.org/licenses/by-sa/3.0/); source: https://commons.wikimedia.org/wiki/File:Scarabaeus.sacer.jpg. Original attribution: Own work. Resized and re-encoded; no subject alteration."
Sciurus carolinensis,トウブハイイロリス,commons-117070505,primary_candidate,JeffreyGammon,Wikimedia Commons,https://commons.wikimedia.org/wiki/File:EasternGraySquirrel_GAm.jpg,CC BY-SA 4.0,https://creativecommons.org/licenses/by-sa/4.0,"EasternGraySquirrel GAm [Sciurus carolinensis] — JeffreyGammon / Wikimedia Commons, CC BY-SA 4.0 (https://creativecommons.org/licenses/by-sa/4.0); source: https://commons.wikimedia.org/wiki/File:EasternGraySquirrel_GAm.jpg. Original attribution: Own work. Resized and re-encoded; no subject alteration."
Scleropages formosus,アジアアロワナ,commons-446480,supplementary_only,Marcel Burkhard,Wikimedia Commons,https://commons.wikimedia.org/wiki/File:Arowana.jpg,CC BY-SA 3.0,https://creativecommons.org/licenses/by-sa/3.0/,"Arowana [Scleropages formosus] — Marcel Burkhard / Wikimedia Commons, CC BY-SA 3.0 (https://creativecommons.org/licenses/by-sa/3.0/); source: https://commons.wikimedia.org/wiki/File:Arowana.jpg. Original attribution: Own work. Resized and re-encoded; no subject alteration."
Sepia officinalis,ヨーロッパコウイカ,commons-108254673,primary_candidate,Diego Delso,Wikimedia Commons,"https://commons.wikimedia.org/wiki/File:Sepia_com%C3%BAn_(Sepia_officinalis),_Parque_natural_de_la_Arr%C3%A1bida,_Portugal,_2020-07-21,_DD_62.jpg",CC BY-SA 4.0,https://creativecommons.org/licenses/by-sa/4.0,"Sepia común (Sepia officinalis), Parque natural de la Arrábida, Portugal, 2020-07-21, DD 62 [Sepia officinalis] — Diego Delso / Wikimedia Commons, CC BY-SA 4.0 (https://creativecommons.org/licenses/by-sa/4.0); source: https://commons.wikimedia.org/wiki/File:Sepia_com%C3%BAn_(Sepia_officinalis),_Parque_natural_de_la_Arr%C3%A1bida,_Portugal,_2020-07-21,_DD_62.jpg. Original attribution: Diego Delso. Resized and re-encoded; no subject alteration."
Sequoia sempervirens,セコイア,commons-8001541,primary_candidate,Acroterion,Wikimedia Commons,https://commons.wikimedia.org/wiki/File:US_199_Redwood_Highway.jpg,CC BY-SA 4.0,https://creativecommons.org/licenses/by-sa/4.0,"US 199 Redwood Highway [Sequoia sempervirens] — Acroterion / Wikimedia Commons, CC BY-SA 4.0 (https://creativecommons.org/licenses/by-sa/4.0); source: https://commons.wikimedia.org/wiki/File:US_199_Redwood_Highway.jpg. Original attribution: Own work. Resized and re-encoded; no subject alteration."
Sequoiadendron giganteum,ジャイアントセコイア,commons-295791,primary_candidate,Mike Murphy ( talk · contribs ),Wikimedia Commons,https://commons.wikimedia.org/wiki/File:Grizzly_Giant_Mariposa_Grove.jpg,CC BY-SA 3.0,https://creativecommons.org/licenses/by-sa/3.0/,"Grizzly Giant Mariposa Grove [Sequoiadendron giganteum] — Mike Murphy ( talk · contribs ) / Wikimedia Commons, CC BY-SA 3.0 (https://creativecommons.org/licenses/by-sa/3.0/); source: https://commons.wikimedia.org/wiki/File:Grizzly_Giant_Mariposa_Grove.jpg. Original attribution: Mike Murphy. Resized and re-encoded; no subject alteration."
Setonix brachyurus,クオッカ,commons-100097119,primary_candidate,Christophe95,Wikimedia Commons,https://commons.wikimedia.org/wiki/File:Setonix_brachyurus_on_Rottnest_Island_1.jpg,CC BY-SA 4.0,https://creativecommons.org/licenses/by-sa/4.0,"Setonix brachyurus on Rottnest Island 1 [Setonix brachyurus] — Christophe95 / Wikimedia Commons, CC BY-SA 4.0 (https://creativecommons.org/licenses/by-sa/4.0); source: https://commons.wikimedia.org/wiki/File:Setonix_brachyurus_on_Rottnest_Island_1.jpg. Original attribution: Own work. Resized and re-encoded; no subject alteration."
Solanum lycopersicum,トマト,commons-143779,supplementary_only,Softeis,Wikimedia Commons,https://commons.wikimedia.org/wiki/File:Tomato_je.jpg,CC BY-SA 3.0,https://creativecommons.org/licenses/by-sa/3.0/,"Tomato je [Solanum lycopersicum] — Softeis / Wikimedia Commons, CC BY-SA 3.0 (https://creativecommons.org/licenses/by-sa/3.0/); source: https://commons.wikimedia.org/wiki/File:Tomato_je.jpg. Original attribution: Own work. Resized and re-encoded; no subject alteration."
Sorghum bicolor,モロコシ（ソルガム）,commons-309277,supplementary_only,No machine-readable author provided. Pethan assumed (based on copyright claims).,Wikimedia Commons,https://commons.wikimedia.org/wiki/File:Sorghum_bicolor03.jpg,CC BY-SA 3.0,https://creativecommons.org/licenses/by-sa/3.0/,"Sorghum bicolor03 [Sorghum bicolor] — No machine-readable author provided. Pethan assumed (based on copyright claims). / Wikimedia Commons, CC BY-SA 3.0 (https://creativecommons.org/licenses/by-sa/3.0/); source: https://commons.wikimedia.org/wiki/File:Sorghum_bicolor03.jpg. Original attribution: No machine-readable source provided. Own work assumed (based on copyright claims).. Resized and re-encoded; no subject alteration."
Spheniscus demersus,ケープペンギン,commons-161629428,primary_candidate,Matti Blume,Wikimedia Commons,"https://commons.wikimedia.org/wiki/File:Wikimania_2018,_Cape_Town_(_1050602),_crop.jpg",CC BY-SA 4.0,https://creativecommons.org/licenses/by-sa/4.0,"Wikimania 2018, Cape Town ( 1050602), crop [Spheniscus demersus] — Matti Blume / Wikimedia Commons, CC BY-SA 4.0 (https://creativecommons.org/licenses/by-sa/4.0); source: https://commons.wikimedia.org/wiki/File:Wikimania_2018,_Cape_Town_(_1050602),_crop.jpg. Original attribution: Own work. Resized and re-encoded; no subject alteration."
Sphenodon punctatus,ムカシトカゲ,commons-70735190,primary_candidate,Sid Mosdell from New Zealand,Wikimedia Commons,https://commons.wikimedia.org/wiki/File:Tuatara_(5205719005).jpg,CC BY 2.0,https://creativecommons.org/licenses/by/2.0,"Tuatara (5205719005) [Sphenodon punctatus] — Sid Mosdell from New Zealand / Wikimedia Commons, CC BY 2.0 (https://creativecommons.org/licenses/by/2.0); source: https://commons.wikimedia.org/wiki/File:Tuatara_(5205719005).jpg. Original attribution: Tuatara. Resized and re-encoded; no subject alteration."
Streptomyces coelicolor,ストレプトマイセス・コエリカラー（種レベル）,commons-182558261,primary_candidate,"Lörzing, Pilar (ORCID: 0009-0009-2532-9121); Iliasov, Denis (ORCID: 0009-0004-6533-7410); Schlierf, Michael (ORCID: 0000-0002-6209-2364); Mascher, Thorsten (ORCID: 0000-0002-6300-5541)",Wikimedia Commons,https://commons.wikimedia.org/wiki/File:NFDI4BIOIMAGE_Calendar_July_2025.png,CC BY 4.0,https://creativecommons.org/licenses/by/4.0,"NFDI4BIOIMAGE Calendar July 2025 [Streptomyces coelicolor] — Lörzing, Pilar (ORCID: 0009-0009-2532-9121); Iliasov, Denis (ORCID: 0009-0004-6533-7410); Schlierf, Michael (ORCID: 0000-0002-6209-2364); Mascher, Thorsten (ORCID: 0000-0002-6300-5541) / Wikimedia Commons, CC BY 4.0 (https://creativecommons.org/licenses/by/4.0); source: https://commons.wikimedia.org/wiki/File:NFDI4BIOIMAGE_Calendar_July_2025.png. Original attribution: https://zenodo.org/records/16992904. Resized and re-encoded; no subject alteration."
Strongylocentrotus purpuratus,カリフォルニアムラサキウニ,commons-75946679,primary_candidate,"Ed Bierman from CA, usa",Wikimedia Commons,https://commons.wikimedia.org/wiki/File:Urchin_(9398869414).jpg,CC BY 2.0,https://creativecommons.org/licenses/by/2.0,"Urchin (9398869414) [Strongylocentrotus purpuratus] — Ed Bierman from CA, usa / Wikimedia Commons, CC BY 2.0 (https://creativecommons.org/licenses/by/2.0); source: https://commons.wikimedia.org/wiki/File:Urchin_(9398869414).jpg. Original attribution: Urchin. Resized and re-encoded; no subject alteration."
Struthio camelus,ダチョウ,commons-38145796,primary_candidate,Yathin S Krishnappa,Wikimedia Commons,https://commons.wikimedia.org/wiki/File:Struthio_camelus_-_Etosha_2014_(3).jpg,CC BY-SA 4.0,https://creativecommons.org/licenses/by-sa/4.0,"Struthio camelus - Etosha 2014 (3) [Struthio camelus] — Yathin S Krishnappa / Wikimedia Commons, CC BY-SA 4.0 (https://creativecommons.org/licenses/by-sa/4.0); source: https://commons.wikimedia.org/wiki/File:Struthio_camelus_-_Etosha_2014_(3).jpg. Original attribution: Own work. Resized and re-encoded; no subject alteration."
Suricata suricatta,ミーアキャット,commons-37060511,primary_candidate,Charles J. Sharp,Wikimedia Commons,https://commons.wikimedia.org/wiki/File:Meerkat_(Suricata_suricatta)_Tswalu.jpg,CC BY-SA 4.0,https://creativecommons.org/licenses/by-sa/4.0,"Meerkat (Suricata suricatta) Tswalu [Suricata suricatta] — Charles J. Sharp / Wikimedia Commons, CC BY-SA 4.0 (https://creativecommons.org/licenses/by-sa/4.0); source: https://commons.wikimedia.org/wiki/File:Meerkat_(Suricata_suricatta)_Tswalu.jpg. Original attribution: Own work , from Sharp Photography, sharpphotography. Resized and re-encoded; no subject alteration."
Symphysodon aequifasciatus,ディスカス,commons-53233846,primary_candidate,mramorn,Wikimedia Commons,https://commons.wikimedia.org/wiki/File:%D0%9D%D0%B8%D0%BA%D0%BE%D0%BB%D0%B0%D0%B5%D0%B2%D1%81%D0%BA%D0%B8%D0%B9_%D0%B7%D0%BE%D0%BE%D0%BF%D0%B0%D1%80%D0%BA._%D0%90%D0%BA%D0%B2%D0%B0%D1%80%D0%B8%D1%83%D0%BC.8_-_panoramio.jpg,CC BY-SA 3.0,https://creativecommons.org/licenses/by-sa/3.0,"Николаевский зоопарк. Аквариум.8 - panoramio [Symphysodon aequifasciatus] — mramorn / Wikimedia Commons, CC BY-SA 3.0 (https://creativecommons.org/licenses/by-sa/3.0); source: https://commons.wikimedia.org/wiki/File:%D0%9D%D0%B8%D0%BA%D0%BE%D0%BB%D0%B0%D0%B5%D0%B2%D1%81%D0%BA%D0%B8%D0%B9_%D0%B7%D0%BE%D0%BE%D0%BF%D0%B0%D1%80%D0%BA._%D0%90%D0%BA%D0%B2%D0%B0%D1%80%D0%B8%D1%83%D0%BC.8_-_panoramio.jpg. Original attribution: mramorn. Resized and re-encoded; no subject alteration."
Syncerus caffer,アフリカスイギュウ,commons-68494466,primary_candidate,Charles J. Sharp,Wikimedia Commons,https://commons.wikimedia.org/wiki/File:African_buffalo_(Syncerus_caffer_caffer)_male_with_cattle_egret.jpg,CC BY-SA 4.0,https://creativecommons.org/licenses/by-sa/4.0,"African buffalo (Syncerus caffer caffer) male with cattle egret [Syncerus caffer] — Charles J. Sharp / Wikimedia Commons, CC BY-SA 4.0 (https://creativecommons.org/licenses/by-sa/4.0); source: https://commons.wikimedia.org/wiki/File:African_buffalo_(Syncerus_caffer_caffer)_male_with_cattle_egret.jpg. Original attribution: Own work , from Sharp Photography, sharpphotography.co.uk. Resized and re-encoded; no subject alteration."
Synechococcus elongatus,シネココッカス・エロンガータス,commons-105290440,primary_candidate,Raul Gonzalez and Cheryl Kerfeld,Wikimedia Commons,https://commons.wikimedia.org/wiki/File:Synechococcus_elongatus_PCC_7942_electron_micrograph_showing_carboxysomes.jpeg,CC BY-SA 3.0,https://creativecommons.org/licenses/by-sa/3.0,"Synechococcus elongatus PCC 7942 electron micrograph showing carboxysomes [Synechococcus elongatus] — Raul Gonzalez and Cheryl Kerfeld / Wikimedia Commons, CC BY-SA 3.0 (https://creativecommons.org/licenses/by-sa/3.0); source: https://commons.wikimedia.org/wiki/File:Synechococcus_elongatus_PCC_7942_electron_micrograph_showing_carboxysomes.jpeg. Original attribution: http://www.kerfeldlab.org/images.html. Resized and re-encoded; no subject alteration."
Tapirus indicus,マレーバク,commons-35966715,primary_candidate,Rufus46,Wikimedia Commons,https://commons.wikimedia.org/wiki/File:Schabrackentapir_Tapirus_indicus_Tiergarten-Nuernberg-1.jpg,CC BY-SA 3.0,https://creativecommons.org/licenses/by-sa/3.0,"Schabrackentapir Tapirus indicus Tiergarten-Nuernberg-1 [Tapirus indicus] — Rufus46 / Wikimedia Commons, CC BY-SA 3.0 (https://creativecommons.org/licenses/by-sa/3.0); source: https://commons.wikimedia.org/wiki/File:Schabrackentapir_Tapirus_indicus_Tiergarten-Nuernberg-1.jpg. Original attribution: Own work. Resized and re-encoded; no subject alteration."
Tapirus terrestris,アメリカバク,commons-44250734,primary_candidate,Charles J. Sharp,Wikimedia Commons,https://commons.wikimedia.org/wiki/File:South_American_tapir_(Tapirus_terrestris).JPG,CC BY-SA 4.0,https://creativecommons.org/licenses/by-sa/4.0,"South American tapir (Tapirus terrestris) [Tapirus terrestris] — Charles J. Sharp / Wikimedia Commons, CC BY-SA 4.0 (https://creativecommons.org/licenses/by-sa/4.0); source: https://commons.wikimedia.org/wiki/File:South_American_tapir_(Tapirus_terrestris).JPG. Original attribution: Own work , from Sharp Photography, sharpphotography. Resized and re-encoded; no subject alteration."
Tenodera sinensis,チョウセンカマキリ,commons-7766923,primary_candidate,Luc Viatour,Wikimedia Commons,https://commons.wikimedia.org/wiki/File:Tenodera_sinensis_5_Luc_Viatour.jpg,CC BY-SA 3.0,https://creativecommons.org/licenses/by-sa/3.0/,"Tenodera sinensis 5 Luc Viatour [Tenodera sinensis] — Luc Viatour / Wikimedia Commons, CC BY-SA 3.0 (https://creativecommons.org/licenses/by-sa/3.0/); source: https://commons.wikimedia.org/wiki/File:Tenodera_sinensis_5_Luc_Viatour.jpg. Original attribution: I, Luc Viatour. Resized and re-encoded; no subject alteration."
Tetrahymena thermophila,テトラヒメナ・サーモフィラ,commons-1479145,primary_candidate,see source,Wikimedia Commons,https://commons.wikimedia.org/wiki/File:Tetrahymena_thermophila.png,CC BY 2.5,https://creativecommons.org/licenses/by/2.5,"Tetrahymena thermophila [Tetrahymena thermophila] — see source / Wikimedia Commons, CC BY 2.5 (https://creativecommons.org/licenses/by/2.5); source: https://commons.wikimedia.org/wiki/File:Tetrahymena_thermophila.png. Original attribution: Robinson R (2006) Ciliate Genome Sequence Reveals Unique Features of a Model Eukaryote. PLoS Biol 4(9): e304. doi:10.1371/journal.pbio.0040304. Resized and re-encoded; no subject alteration."
Thalassiosira pseudonana,タラシオシラ・シュードナナ,commons-60522471,primary_candidate,Oregon State University,Wikimedia Commons,https://commons.wikimedia.org/wiki/File:Oogonium_--_3_(34809275943).jpg,CC BY-SA 2.0,https://creativecommons.org/licenses/by-sa/2.0,"Oogonium -- 3 (34809275943) [Thalassiosira pseudonana] — Oregon State University / Wikimedia Commons, CC BY-SA 2.0 (https://creativecommons.org/licenses/by-sa/2.0); source: https://commons.wikimedia.org/wiki/File:Oogonium_--_3_(34809275943).jpg. Original attribution: oogonium -- 3. Resized and re-encoded; no subject alteration."
Theobroma cacao,カカオ,commons-9464209,supplementary_only,Luisovalles,Wikimedia Commons,https://commons.wikimedia.org/wiki/File:Matadecacao.jpg,CC BY 3.0,https://creativecommons.org/licenses/by/3.0,"Matadecacao [Theobroma cacao] — Luisovalles / Wikimedia Commons, CC BY 3.0 (https://creativecommons.org/licenses/by/3.0); source: https://commons.wikimedia.org/wiki/File:Matadecacao.jpg. Original attribution: Own work. Resized and re-encoded; no subject alteration."
Theropithecus gelada,ゲラダヒヒ,commons-125856863,primary_candidate,Charles J. Sharp,Wikimedia Commons,https://commons.wikimedia.org/wiki/File:Gelada_(Theropithecus_gelada_gelada)_male_2.jpg,CC BY-SA 4.0,https://creativecommons.org/licenses/by-sa/4.0,"Gelada (Theropithecus gelada gelada) male 2 [Theropithecus gelada] — Charles J. Sharp / Wikimedia Commons, CC BY-SA 4.0 (https://creativecommons.org/licenses/by-sa/4.0); source: https://commons.wikimedia.org/wiki/File:Gelada_(Theropithecus_gelada_gelada)_male_2.jpg. Original attribution: Own work , from Sharp Photography, sharpphotography.co.uk. Resized and re-encoded; no subject alteration."
Trametes versicolor,カワラタケ,commons-25175312,primary_candidate,Jerzy Opioła,Wikimedia Commons,https://commons.wikimedia.org/wiki/File:Trametes_versicolor_G4_(1).JPG,CC BY-SA 3.0,https://creativecommons.org/licenses/by-sa/3.0,"Trametes versicolor G4 (1) [Trametes versicolor] — Jerzy Opioła / Wikimedia Commons, CC BY-SA 3.0 (https://creativecommons.org/licenses/by-sa/3.0); source: https://commons.wikimedia.org/wiki/File:Trametes_versicolor_G4_(1).JPG. Original attribution: Own work. Resized and re-encoded; no subject alteration."
Trichosurus vulpecula,フクロギツネ,commons-5992634,primary_candidate,JJ Harrison ( https://www.jjharrison.com.au/ ),Wikimedia Commons,https://commons.wikimedia.org/wiki/File:Trichosurus_vulpecula_1.jpg,CC BY-SA 2.5,https://creativecommons.org/licenses/by-sa/2.5,"Trichosurus vulpecula 1 [Trichosurus vulpecula] — JJ Harrison ( https://www.jjharrison.com.au/ ) / Wikimedia Commons, CC BY-SA 2.5 (https://creativecommons.org/licenses/by-sa/2.5); source: https://commons.wikimedia.org/wiki/File:Trichosurus_vulpecula_1.jpg. Original attribution: Own work. Resized and re-encoded; no subject alteration."
Tridacna gigas,オオシャコガイ,commons-144425352,primary_candidate,Charles J. Sharp,Wikimedia Commons,https://commons.wikimedia.org/wiki/File:Giant_clam_(Tridacna_gigas)_Michaelmas_Cay.jpg,CC BY-SA 4.0,https://creativecommons.org/licenses/by-sa/4.0,"Giant clam (Tridacna gigas) Michaelmas Cay [Tridacna gigas] — Charles J. Sharp / Wikimedia Commons, CC BY-SA 4.0 (https://creativecommons.org/licenses/by-sa/4.0); source: https://commons.wikimedia.org/wiki/File:Giant_clam_(Tridacna_gigas)_Michaelmas_Cay.jpg. Original attribution: Own work , from Sharp Photography, sharpphotography.co.uk. Resized and re-encoded; no subject alteration."
Triticum aestivum,パンコムギ,commons-46079948,supplementary_only,INRA DIST from France,Wikimedia Commons,https://commons.wikimedia.org/wiki/File:Bl%C3%A9_tendre_(GRAPELLI)_AO-5-cliche_Jean_Weber_(5)_(23975019962).jpg,CC BY 2.0,https://creativecommons.org/licenses/by/2.0,"Blé tendre (GRAPELLI) AO-5-cliche Jean Weber (5) (23975019962) [Triticum aestivum] — INRA DIST from France / Wikimedia Commons, CC BY 2.0 (https://creativecommons.org/licenses/by/2.0); source: https://commons.wikimedia.org/wiki/File:Bl%C3%A9_tendre_(GRAPELLI)_AO-5-cliche_Jean_Weber_(5)_(23975019962).jpg. Original attribution: Blé tendre (GRAPELLI) AO-5-cliche Jean Weber (5). Resized and re-encoded; no subject alteration."
Tuber melanosporum,ペリゴールトリュフ,commons-3145095,primary_candidate,"This illustration was made by ( User:Royonx ) and released under the license(s) stated above. You are free to use it for any purpose as long as you credit me and follow the terms of the license. Example : © Michel Royon / Wikimedia Commons If you use this image outside of the Wikimedia projects, I would be happy to hear from you par courriel ( royonx gmail.com). Thanks ! Ce message en français",Wikimedia Commons,https://commons.wikimedia.org/wiki/File:Truffe_nature.JPG,CC BY-SA 3.0,https://creativecommons.org/licenses/by-sa/3.0,"Truffe nature [Tuber melanosporum] — This illustration was made by ( User:Royonx ) and released under the license(s) stated above. You are free to use it for any purpose as long as you credit me and follow the terms of the license. Example : © Michel Royon / Wikimedia Commons If you use this image outside of the Wikimedia projects, I would be happy to hear from you par courriel ( royonx gmail.com). Thanks ! Ce message en français / Wikimedia Commons, CC BY-SA 3.0 (https://creativecommons.org/licenses/by-sa/3.0); source: https://commons.wikimedia.org/wiki/File:Truffe_nature.JPG. Original attribution: Own work. Resized and re-encoded; no subject alteration."
Typhlonectes natans,ミズアシナシイモリ,commons-2355403,supplementary_only,Christophe cagé 6 july 2007,Wikimedia Commons,https://commons.wikimedia.org/wiki/File:Typhlonectes_natans5.jpg,CC BY-SA 3.0,https://creativecommons.org/licenses/by-sa/3.0/,"Typhlonectes natans5 [Typhlonectes natans] — Christophe cagé 6 july 2007 / Wikimedia Commons, CC BY-SA 3.0 (https://creativecommons.org/licenses/by-sa/3.0/); source: https://commons.wikimedia.org/wiki/File:Typhlonectes_natans5.jpg. Original attribution: I, Christophe cagé. Resized and re-encoded; no subject alteration."
Tyto alba,メンフクロウ,commons-31517017,primary_candidate,Steven Ward,Wikimedia Commons,"https://commons.wikimedia.org/wiki/File:Barn_Owl,_Lancashire.jpg",CC BY 2.0,https://creativecommons.org/licenses/by/2.0,"Barn Owl, Lancashire [Tyto alba] — Steven Ward / Wikimedia Commons, CC BY 2.0 (https://creativecommons.org/licenses/by/2.0); source: https://commons.wikimedia.org/wiki/File:Barn_Owl,_Lancashire.jpg. Original attribution: https://www.flickr.com/photos/steventimothyphotography/8555506918/. Resized and re-encoded; no subject alteration."
Ursus americanus,アメリカクロクマ,commons-197841499,primary_candidate,Charles J. Sharp,Wikimedia Commons,https://commons.wikimedia.org/wiki/File:Vancouver_Island_black_bear_(Ursus_americanus_vancouveri)_Tofino_4.jpg,CC BY-SA 4.0,https://creativecommons.org/licenses/by-sa/4.0,"Vancouver Island black bear (Ursus americanus vancouveri) Tofino 4 [Ursus americanus] — Charles J. Sharp / Wikimedia Commons, CC BY-SA 4.0 (https://creativecommons.org/licenses/by-sa/4.0); source: https://commons.wikimedia.org/wiki/File:Vancouver_Island_black_bear_(Ursus_americanus_vancouveri)_Tofino_4.jpg. Original attribution: Own work , from Sharp Photography, sharpphotography.co.uk. Resized and re-encoded; no subject alteration."
Ursus arctos,ヒグマ,commons-23241619,primary_candidate,Yathin S Krishnappa,Wikimedia Commons,https://commons.wikimedia.org/wiki/File:2010-kodiak-bear-1.jpg,CC BY-SA 3.0,https://creativecommons.org/licenses/by-sa/3.0,"2010-kodiak-bear-1 [Ursus arctos] — Yathin S Krishnappa / Wikimedia Commons, CC BY-SA 3.0 (https://creativecommons.org/licenses/by-sa/3.0); source: https://commons.wikimedia.org/wiki/File:2010-kodiak-bear-1.jpg. Original attribution: Own work. Resized and re-encoded; no subject alteration."
Ustilago maydis,トウモロコシ黒穂病菌,commons-30351352,primary_candidate,Jamain,Wikimedia Commons,https://commons.wikimedia.org/wiki/File:Ustilago_maydis_J1b.jpg,CC BY-SA 3.0,https://creativecommons.org/licenses/by-sa/3.0,"Ustilago maydis J1b [Ustilago maydis] — Jamain / Wikimedia Commons, CC BY-SA 3.0 (https://creativecommons.org/licenses/by-sa/3.0); source: https://commons.wikimedia.org/wiki/File:Ustilago_maydis_J1b.jpg. Original attribution: Own work. Resized and re-encoded; no subject alteration."
Varanus komodoensis,コモドオオトカゲ,commons-133212135,primary_candidate,James Jolokia ( james1203 ),Wikimedia Commons,https://commons.wikimedia.org/wiki/File:202306_Varanus_komodoensis.jpg,CC BY 4.0,https://creativecommons.org/licenses/by/4.0,"202306 Varanus komodoensis [Varanus komodoensis] — James Jolokia ( james1203 ) / Wikimedia Commons, CC BY 4.0 (https://creativecommons.org/licenses/by/4.0); source: https://commons.wikimedia.org/wiki/File:202306_Varanus_komodoensis.jpg. Original attribution: https://www.inaturalist.org/photos/289538582. Resized and re-encoded; no subject alteration."
Varanus niloticus,ナイルオオトカゲ,commons-104214653,primary_candidate,Charles J. Sharp,Wikimedia Commons,https://commons.wikimedia.org/wiki/File:Nile_monitor_(Varanus_niloticus)_2.jpg,CC BY-SA 4.0,https://creativecommons.org/licenses/by-sa/4.0,"Nile monitor (Varanus niloticus) 2 [Varanus niloticus] — Charles J. Sharp / Wikimedia Commons, CC BY-SA 4.0 (https://creativecommons.org/licenses/by-sa/4.0); source: https://commons.wikimedia.org/wiki/File:Nile_monitor_(Varanus_niloticus)_2.jpg. Original attribution: Own work , from Sharp Photography, sharpphotography.co.uk. Resized and re-encoded; no subject alteration."
Victoria amazonica,オオオニバス,commons-8155907,supplementary_only,Bilby,Wikimedia Commons,https://commons.wikimedia.org/wiki/File:Victoria_amazonica_edit_1.jpg,CC BY 3.0,https://creativecommons.org/licenses/by/3.0,"Victoria amazonica edit 1 [Victoria amazonica] — Bilby / Wikimedia Commons, CC BY 3.0 (https://creativecommons.org/licenses/by/3.0); source: https://commons.wikimedia.org/wiki/File:Victoria_amazonica_edit_1.jpg. Original attribution: Own work. Resized and re-encoded; no subject alteration."
Vicugna vicugna,ビクーニャ,commons-160522221,primary_candidate,Thomas Quine,Wikimedia Commons,https://commons.wikimedia.org/wiki/File:Vicuna_(89163948)_(cropped).jpg,CC BY 2.0,https://creativecommons.org/licenses/by/2.0,"Vicuna (89163948) (cropped) [Vicugna vicugna] — Thomas Quine / Wikimedia Commons, CC BY 2.0 (https://creativecommons.org/licenses/by/2.0); source: https://commons.wikimedia.org/wiki/File:Vicuna_(89163948)_(cropped).jpg. Original attribution: Vicuna Uploaded by Dolovis. Resized and re-encoded; no subject alteration."
Vombatus ursinus,ヒメウォンバット,commons-8661812,primary_candidate,JJ Harrison ( jjharrison89@facebook.com ),Wikimedia Commons,https://commons.wikimedia.org/wiki/File:Vombatus_ursinus_-Maria_Island_National_Park.jpg,CC BY-SA 3.0,https://creativecommons.org/licenses/by-sa/3.0,"Vombatus ursinus -Maria Island National Park [Vombatus ursinus] — JJ Harrison ( jjharrison89@facebook.com ) / Wikimedia Commons, CC BY-SA 3.0 (https://creativecommons.org/licenses/by-sa/3.0); source: https://commons.wikimedia.org/wiki/File:Vombatus_ursinus_-Maria_Island_National_Park.jpg. Original attribution: Own work. Resized and re-encoded; no subject alteration."
Vulpes vulpes,アカギツネ,commons-180051162,primary_candidate,ClaudiaTen,Wikimedia Commons,https://commons.wikimedia.org/wiki/File:Portrait_of_a_red_fox_in_Rautas_fj%C3%A4llurskog_(cropped).jpg,CC BY-SA 4.0,https://creativecommons.org/licenses/by-sa/4.0,"Portrait of a red fox in Rautas fjällurskog (cropped) [Vulpes vulpes] — ClaudiaTen / Wikimedia Commons, CC BY-SA 4.0 (https://creativecommons.org/licenses/by-sa/4.0); source: https://commons.wikimedia.org/wiki/File:Portrait_of_a_red_fox_in_Rautas_fj%C3%A4llurskog_(cropped).jpg. Original attribution: Own work. Resized and re-encoded; no subject alteration."
Vulpes zerda,フェネック,commons-17919493,primary_candidate,Drew Avery,Wikimedia Commons,https://commons.wikimedia.org/wiki/File:Fennec_Fox_Vulpes_zerda.jpg,CC BY 2.0,https://creativecommons.org/licenses/by/2.0,"Fennec Fox Vulpes zerda [Vulpes zerda] — Drew Avery / Wikimedia Commons, CC BY 2.0 (https://creativecommons.org/licenses/by/2.0); source: https://commons.wikimedia.org/wiki/File:Fennec_Fox_Vulpes_zerda.jpg. Original attribution: Flickr : Fennec Fox {Vulpes zerda }. Resized and re-encoded; no subject alteration."
Vultur gryphus,アンデスコンドル,commons-18036771,primary_candidate,Greg Hume,Wikimedia Commons,https://commons.wikimedia.org/wiki/File:AndeanCondorMale.jpg,CC BY-SA 3.0,https://creativecommons.org/licenses/by-sa/3.0,"AndeanCondorMale [Vultur gryphus] — Greg Hume / Wikimedia Commons, CC BY-SA 3.0 (https://creativecommons.org/licenses/by-sa/3.0); source: https://commons.wikimedia.org/wiki/File:AndeanCondorMale.jpg. Original attribution: Own work. Resized and re-encoded; no subject alteration."
Welwitschia mirabilis,ウェルウィッチア,commons-650590,primary_candidate,Thomas Schoch,Wikimedia Commons,https://commons.wikimedia.org/wiki/File:Welwitschia_mirabilis(2).jpg,CC BY-SA 3.0,https://creativecommons.org/licenses/by-sa/3.0,"Welwitschia mirabilis(2) [Welwitschia mirabilis] — Thomas Schoch / Wikimedia Commons, CC BY-SA 3.0 (https://creativecommons.org/licenses/by-sa/3.0); source: https://commons.wikimedia.org/wiki/File:Welwitschia_mirabilis(2).jpg. Original attribution: own work at http://www.retas.de/thomas/travel/namibia2003/index.html (photo located at [1] ). Resized and re-encoded; no subject alteration."
Wollemia nobilis,ウォレマイマツ,commons-71131890,primary_candidate,AndyScott,Wikimedia Commons,https://commons.wikimedia.org/wiki/File:Wakehurst_Place_woodland_Wollemi_pine.jpg,CC BY-SA 4.0,https://creativecommons.org/licenses/by-sa/4.0,"Wakehurst Place woodland Wollemi pine [Wollemia nobilis] — AndyScott / Wikimedia Commons, CC BY-SA 4.0 (https://creativecommons.org/licenses/by-sa/4.0); source: https://commons.wikimedia.org/wiki/File:Wakehurst_Place_woodland_Wollemi_pine.jpg. Original attribution: Own work. Resized and re-encoded; no subject alteration."
Xanthoria parietina,キサントリア・パリエティナ（地衣形成菌）,commons-93356817,primary_candidate,"hedera.baltica from Wrocław, Poland",Wikimedia Commons,https://commons.wikimedia.org/wiki/File:Lichens_and_algae_(explored)_-_Flickr_-_hedera.baltica.jpg,CC BY-SA 2.0,https://creativecommons.org/licenses/by-sa/2.0,"Lichens and algae (explored) - Flickr - hedera.baltica [Xanthoria parietina] — hedera.baltica from Wrocław, Poland / Wikimedia Commons, CC BY-SA 2.0 (https://creativecommons.org/licenses/by-sa/2.0); source: https://commons.wikimedia.org/wiki/File:Lichens_and_algae_(explored)_-_Flickr_-_hedera.baltica.jpg. Original attribution: Lichens and algae [explored]. Resized and re-encoded; no subject alteration."
Xenopus laevis,アフリカツメガエル,commons-23752908,primary_candidate,Brian Gratwicke,Wikimedia Commons,https://commons.wikimedia.org/wiki/File:Xenopus_laevis_02.jpg,CC BY 2.0,https://creativecommons.org/licenses/by/2.0,"Xenopus laevis 02 [Xenopus laevis] — Brian Gratwicke / Wikimedia Commons, CC BY 2.0 (https://creativecommons.org/licenses/by/2.0); source: https://commons.wikimedia.org/wiki/File:Xenopus_laevis_02.jpg. Original attribution: Flickr : Xenopus laevis. Resized and re-encoded; no subject alteration."
Yucca brevifolia,ヨシュアツリー,commons-25509669,primary_candidate,Bernard Gagnon,Wikimedia Commons,https://commons.wikimedia.org/wiki/File:Joshua_Tree_01.jpg,CC BY-SA 3.0,https://creativecommons.org/licenses/by-sa/3.0,"Joshua Tree 01 [Yucca brevifolia] — Bernard Gagnon / Wikimedia Commons, CC BY-SA 3.0 (https://creativecommons.org/licenses/by-sa/3.0); source: https://commons.wikimedia.org/wiki/File:Joshua_Tree_01.jpg. Original attribution: Own work. Resized and re-encoded; no subject alteration."
Zalophus californianus,カリフォルニアアシカ,commons-175928959,primary_candidate,"(c) Jonathan Eisen, some rights reserved (CC BY)",Wikimedia Commons,"https://commons.wikimedia.org/wiki/File:California_Sea_Lion,_Monterey,_California,_United_States_imported_from_iNaturalist_photo_203598492.jpg",CC BY 4.0,https://creativecommons.org/licenses/by/4.0,"California Sea Lion, Monterey, California, United States imported from iNaturalist photo 203598492 [Zalophus californianus] — (c) Jonathan Eisen, some rights reserved (CC BY) / Wikimedia Commons, CC BY 4.0 (https://creativecommons.org/licenses/by/4.0); source: https://commons.wikimedia.org/wiki/File:California_Sea_Lion,_Monterey,_California,_United_States_imported_from_iNaturalist_photo_203598492.jpg. Original attribution: https://www.inaturalist.org/photos/203598492. Resized and re-encoded; no subject alteration."
